conversation_id,customer_message,context,intent,escalation_label,escalation_reason
427841,"Hi I'm using ios 11.0.2 on iPhone 6, keyboard doesn't fill screen when device rotated on landscape? Please solve this...","[Customer]: Hi I'm using ios 11.0.2 on iPhone 6, keyboard doesn't fill screen when device rotated on landscape? Please solve this...
[AppleSupport]: We're here to help. DM us with more details about what you're experiencing. [URL]",Keyboard,AUTO-HANDLE,Keyboard layout orientation issue resolvable via standard display zoom / orientation settings.
1434156,can other people see my iCloud profile pic when I send them e-mail?,"[Customer]: can other people see my iCloud profile pic when I send them e-mail?
[AppleSupport]: Thanks for reaching out. That's a great question. We'd like to look into this. DM us to get started. [URL]",Apple ID,ESCALATE,Apple ID credential and account management involves private authentication requiring human/secure handling.
2477569,"Another issue with my iOS11 iPhone…plug it in to charge overnight, wake up and it hasn’t charged. @AppleSupport","[Customer]: Another issue with my iOS11 iPhone…plug it in to charge overnight, wake up and it hasn’t charged. @AppleSupport
[AppleSupport]: We can help! Do you get any indication that it's charging when you plug your phone in, or does it not recognize the charger at all?
[Customer]: When I plug it in, it indicates it is charging, every time. It is only in the morning that I discover otherwise. 2-2",Battery,AUTO-HANDLE,Standard self-service troubleshooting and guidance provided publicly.
2749359,Hey @115858 - you know this OS update is freezing phones momentarily... we know u know,"[Customer]: Hey @115858 - you know this OS update is freezing phones momentarily... we know u know
[AppleSupport]: We appreciate you reaching out. DM us the Apple device you're experiencing this issue with, and we'll go from there. [URL]",Phone Performance,ESCALATE,Troubleshooting could not be resolved publicly and required private DM assistance.
110967,any chance keyboard lag on the iPhone will be fixed soon? I upgraded my 6s+ to 11.1.2 and it's still sluggish 😭,"[Customer]: any chance keyboard lag on the iPhone will be fixed soon? I upgraded my 6s+ to 11.1.2 and it's still sluggish 😭
[AppleSupport]: Could you Direct Message us so we can look into this further? We'd love to help. [URL]",Keyboard,ESCALATE,Troubleshooting could not be resolved publicly and required private DM assistance.
1759675,hey I recently disabled my Apple ID and I would like to re enable it,"[Customer]: hey I recently disabled my Apple ID and I would like to re enable it
[AppleSupport]: Have you seen the steps here? [URL]
[Customer]: Yes, I contacted Apple to disable my account and they said I would need to contact support to reactive it",Apple ID,ESCALATE,"Involves sensitive credentials, password reset, or account lockout requiring private identity verification."
1848614,I just updated iPhone 11.0 iOS it is jumpy it’s not typing any words correctly is anyone having this experience @115858 #iphone7 😡,"[Customer]: I just updated iPhone 11.0 iOS it is jumpy it’s not typing any words correctly is anyone having this experience @115858 #iphone7 😡
[AppleSupport]: We'd be happy to help with your iPhone. Could you DM us a little more detail on what you mean by jumpy exactly? [URL]",Keyboard,ESCALATE,Troubleshooting could not be resolved publicly and required private DM assistance.
2305170,.@115858 please fix this glitch I️m,"[Customer]: .@115858 please fix this glitch I️m
[AppleSupport]: iOS 11.1.1 was recently released and it includes a fix for autocorrect issues. Be sure to back up your device prior to updating, and let us know if the issue persists afterwards. How to back up: [URL]",Keyboard,AUTO-HANDLE,"Known iOS 11 keyboard autocorrect bug with an official, safe self-service Text Replacement workaround."
1162142,why can’t I use a vpn on safari after the most recent update? I have 2 take it off to use it????,"[Customer]: why can’t I use a vpn on safari after the most recent update? I have 2 take it off to use it????
[AppleSupport]: We'd like to help! Send us a DM with the country that you are located in to continue. [URL]",Apps & Storage,ESCALATE,Troubleshooting could not be resolved publicly and required private DM assistance.
2306245,"my iphone 8 keeps freezing on the home screen thinking im pressing the message icon, every time i have to reset it Any ideas? [URL]","[Customer]: my iphone 8 keeps freezing on the home screen thinking im pressing the message icon, every time i have to reset it Any ideas? [URL]
[AppleSupport]: Thanks for reaching out. Does this happen only when on calls? Which iOS version are you currently running? Send us those answers via DM. [URL]",Phone Performance,ESCALATE,Troubleshooting could not be resolved publicly and required private DM assistance.
2282224,@115858 @applesupport my #iphonex is literally freezing faster than me in the cold and why the hell does it always look like there‘s water inside my screen while unlocking? [URL],"[Customer]: @115858 @applesupport my #iphonex is literally freezing faster than me in the cold and why the hell does it always look like there‘s water inside my screen while unlocking? [URL]
[Customer]: @115858 @AppleSupport Help me :( [URL]
[AppleSupport]: Thanks for the great video and photo of what’s occurring. Let’s look into this further together. Please send us a DM telling us the country you’re located in, the iOS version number, and when this began.",Screen & Camera,ESCALATE,Physical hardware damage or component failure requiring hands-on inspection or hardware repair.
553641,'Mo Updates 'Mo Problems. My phone just got stuck in landscape. Thanks 11.2,"[Customer]: 'Mo Updates 'Mo Problems. My phone just got stuck in landscape. Thanks 11.2
[AppleSupport]: Let's look into this together. Have you tried restarting your iPhone or any other troubleshooting steps?
[Customer]: Thank you for replying yes after I exited and closed the app my screen returned to the portrait position.",Screen & Camera,ESCALATE,Troubleshooting could not be resolved publicly and required private DM assistance.
2283100,"I have all the current updates on my phone, and my phone glitching and freezing. @115858 @AppleSupport I’d like to be on my phone for more than 5 minuets w/o having to lock and unlock... it even turn off and on agin. This didn’t happen UNTIL iOS11.1🙄🤔😒","[Customer]: I have all the current updates on my phone, and my phone glitching and freezing. @115858 @AppleSupport I’d like to be on my phone for more than 5 minuets w/o having to lock and unlock... it even turn off and on agin. This didn’t happen UNTIL iOS11.1🙄🤔😒
[AppleSupport]: We're here to help. We recently released iOS 11.1.1 to help address some of these behaviors. Please follow the process here: [URL] and keep us posted.
[Customer]: I have the current updates. Still glitches/ freezes. 😒 This never happened before the iOS11.1.1 ... so now what that I do that my phone is working worse than ever before?? [URL]",Phone Performance,ESCALATE,Troubleshooting could not be resolved publicly and required private DM assistance.
873673,It took me to long to notice Apple screwed us how do I charge my phone and use my headphones without air buds?@115858,"[Customer]: It took me to long to notice Apple screwed us how do I charge my phone and use my headphones without air buds?@115858
[AppleSupport]: We know it's important to listen to Music and charge your iPhone. There is an adapter available. [URL]",Sound & Bluetooth,AUTO-HANDLE,Standard self-service troubleshooting and guidance provided publicly.
1536288,iTunes is the worst for restoring iPhone. Ruins an otherwise simple and delightful @115858 upgrade experience. Has broken all my devices.,"[Customer]: iTunes is the worst for restoring iPhone. Ruins an otherwise simple and delightful @115858 upgrade experience. Has broken all my devices.
[Customer]: @115858 iPhone encrypted back up inaccessible due to idiotic iTunes back up management. No recovery mode. etc etc. Now  Watch inaccessible.
[Customer]: @115858 Today has been pain pain pain. Two hours in store..hours at home. Still not working and I'm a pro at this.",Apps & Storage,ESCALATE,Physical hardware damage or component failure requiring hands-on inspection or hardware repair.
1747366,@115858 and @AppleSupport - PLEASE fix the “I️” [?] autocorrect glitch.,"[Customer]: @115858 and @AppleSupport - PLEASE fix the “I️” [?] autocorrect glitch.
[AppleSupport]: Here’s what you can do to work around the issue until it’s fixed in a future software update: [URL]",Keyboard,AUTO-HANDLE,"Known iOS 11 keyboard autocorrect bug with an official, safe self-service Text Replacement workaround."
2798459,Ok I️ try and keep my bool about @115858 updating our phones but why the fuck can’t we type the letter I WITH OUT SEEING “?”,"[Customer]: Ok I️ try and keep my bool about @115858 updating our phones but why the fuck can’t we type the letter I WITH OUT SEEING “?”
[AppleSupport]: The autocorrect issues is resolved in the iOS 11.1.1 update. If you don't have that already, backup your iPhone, update the iOS, and test your keyboard out. Let us know if that helps. Backup and update iOS: [URL]",Keyboard,AUTO-HANDLE,"Known iOS 11 keyboard autocorrect bug with an official, safe self-service Text Replacement workaround."
2872578,my battery doesn’t last more than 2 hours with the new update... You need to listen to the consumers.,"[Customer]: my battery doesn’t last more than 2 hours with the new update... You need to listen to the consumers.
[AppleSupport]: We'd like to check into your battery life with you. Please send us a DM with which version of iOS 11 have you updated to, and we'll investigate together. [URL]",Battery,ESCALATE,Troubleshooting could not be resolved publicly and required private DM assistance.
2199248,@115948 @115858 so y'all sent ANOTHER update...I complete the update and now my entire iTunes library is gone.... How Sway?! whyyy sway,"[Customer]: @115948 @115858 so y'all sent ANOTHER update...I complete the update and now my entire iTunes library is gone.... How Sway?! whyyy sway
[AppleSupport]: We're happy to help. What device are you using? Did you update to 11.0.3? Let us know to continue.",Apps & Storage,AUTO-HANDLE,Standard self-service troubleshooting and guidance provided publicly.
2466453,just purchased a MacBook Pro with AppleCare. Want to import password keychain and notes only. Can you help?,"[Customer]: just purchased a MacBook Pro with AppleCare. Want to import password keychain and notes only. Can you help?
[AppleSupport]: Congrats on your new Mac! We'd be happy to assist. Please DM us. [URL]",Apple ID,ESCALATE,"Involves sensitive credentials, password reset, or account lockout requiring private identity verification."
561748,"The last week my iPhone goes from 70% battery to 1% in less than 30mins even when I havnt touched the phone😡 i have it on battery saver even tried air plane Mode, it’s so annoying! @AppleSupport why is this happening it’s so frustrating","[Customer]: The last week my iPhone goes from 70% battery to 1% in less than 30mins even when I havnt touched the phone😡 i have it on battery saver even tried air plane Mode, it’s so annoying! @AppleSupport why is this happening it’s so frustrating
[AppleSupport]: You've come to the right place, we'll be happy to look into this with you. To start, can you check if there's any message that mentions your iPhone's battery being in need of service, in Settings > Battery? Use this article as reference: [URL]
[Customer]: No this is not showing! I also have nearly all notifications off on all apps so if doesn’t need to be refreshed continuously but still not helping! 😩",Battery,ESCALATE,Troubleshooting could not be resolved publicly and required private DM assistance.
1028445,my phone died and now ive plugged it in and its comepletly blackscreen and it wont even show the charging symbol HELP @AppleSupport,"[Customer]: my phone died and now ive plugged it in and its comepletly blackscreen and it wont even show the charging symbol HELP @AppleSupport
[AppleSupport]: We've got your back. Rest assured, this may temporary. Follow these steps and report the results: [URL]
[Customer]: ive already tried all the steps from the website it still wont work",Battery,ESCALATE,Troubleshooting could not be resolved publicly and required private DM assistance.
2300181,It’s so freaking slowwww and crash everytime on safari geezzzz high sierra is shit @AppleSupport [URL],"[Customer]: It’s so freaking slowwww and crash everytime on safari geezzzz high sierra is shit @AppleSupport [URL]
[AppleSupport]: We're here to help. Let's take this to DM so we can better assist you. [URL]",Phone Performance,ESCALATE,Troubleshooting could not be resolved publicly and required private DM assistance.
2953754,"@115858 just got new headphones with the iPhone 8 and they started making a weird noise but I kept them in anyway. They just POPPED in my ear and now my ear hurts, what are you going to do about this?","[Customer]: @115858 just got new headphones with the iPhone 8 and they started making a weird noise but I kept them in anyway. They just POPPED in my ear and now my ear hurts, what are you going to do about this?
[AppleSupport]: Please send us a DM and we will go from there. [URL]",Sound & Bluetooth,ESCALATE,Troubleshooting could not be resolved publicly and required private DM assistance.
559019,my iphone7+ keeps crashing like every few minutes ??? What do I do,"[Customer]: my iphone7+ keeps crashing like every few minutes ??? What do I do
[AppleSupport]: We'd be glad to be of assistance. This issue has been addressed in our recent iOS 11.2 update: [URL]
[Customer]: Just updated. Fingers crossed it works!! Thankyou",Phone Performance,AUTO-HANDLE,"General performance lag addressable with standard restart, cache clearing, and storage checks."
1448091,Why the heck does my autocorrect keep wanting to change a capital I to an A with a ? box?? Had to turn it off completely [URL],"[Customer]: Why the heck does my autocorrect keep wanting to change a capital I to an A with a ? box?? Had to turn it off completely [URL]
[AppleSupport]: Let's work on this together in DM. [URL]",Keyboard,AUTO-HANDLE,"Known iOS 11 keyboard autocorrect bug with an official, safe self-service Text Replacement workaround."
811638,"Hi trying to download a game on to my phone but keeps telling payment failed, can't sign in to itunes too","[Customer]: Hi trying to download a game on to my phone but keeps telling payment failed, can't sign in to itunes too
[AppleSupport]: Hi. We're happy to help with this. Let's take a look at this article: [URL] Let us know if this helps.
[Customer]: the app is free does this change things and on itunes when i try and sign in to my account it said that your server is down",Apple ID,ESCALATE,"Involves sensitive financial transactions, billing disputes, or payment details requiring human account review."
2300649,@115858 fix iOS 11 ASAP please. I’m about to switch to a damn Note 8 just so I can type the letter I and so my phone is ACTUALLY water proof. You’re slipping.,"[Customer]: @115858 fix iOS 11 ASAP please. I’m about to switch to a damn Note 8 just so I can type the letter I and so my phone is ACTUALLY water proof. You’re slipping.
[AppleSupport]: iOS 11.1.1 was recently released and it includes a fix for autocorrect issues. Be sure to back up your device prior to updating, and let us know if the issue persists afterwards. How to back up: [URL]",Keyboard,ESCALATE,Physical hardware damage or component failure requiring hands-on inspection or hardware repair.
1752177,my phone crashes 10 times a day but i'm afraid if i update it the problem will get worse @AppleSupport i'm looking @ u,"[Customer]: my phone crashes 10 times a day but i'm afraid if i update it the problem will get worse @AppleSupport i'm looking @ u
[AppleSupport]: We'd like to help. Let's meet in DM to continue. [URL]",Phone Performance,ESCALATE,Troubleshooting could not be resolved publicly and required private DM assistance.
394572,"Hey @115858, how the f*uck do I turn of this terrible new (dis)connect wifi and bluetooth feauture?! Damn, how it sucks!!","[Customer]: Hey @115858, how the f*uck do I turn of this terrible new (dis)connect wifi and bluetooth feauture?! Damn, how it sucks!!
[AppleSupport]: Let's us help today. See this link for information on Bluetooth & Wi-Fi in Control Center: [URL]
[Customer]: Oh, great. A full enumeration of everything that sucks about it. Pls: a simple switch to choose between old and new..or downgrade to IOS 10.",Sound & Bluetooth,AUTO-HANDLE,Standard self-service troubleshooting and guidance provided publicly.
306112,"Hi, my mother got an iPhone 6s this year in March 2017. The charging wire of her phone has started cracking. (1/2) @AppleSupport","[Customer]: Hi, my mother got an iPhone 6s this year in March 2017. The charging wire of her phone has started cracking. (1/2) @AppleSupport
[Customer]: Is the wire covered in the warranty period? Can we get it exchanged for a new one at an Apple store?
[Customer]: I thought @AppleSupport would at least reply to my query. Has been a week since I asked about this issue. @115858",Battery,ESCALATE,Troubleshooting could not be resolved publicly and required private DM assistance.
310240,@115858 WHY DOES FACETIME NEVER WORK?!,"[Customer]: @115858 WHY DOES FACETIME NEVER WORK?!
[AppleSupport]: We want to help. What device are you using with FaceTime?
[Customer]: My iPhone 6s",Apps & Storage,ESCALATE,Troubleshooting could not be resolved publicly and required private DM assistance.
1644557,when I tap on @ I get ? I have to go to keyboard numeric to use @ symbol. Example: ?AppleSupport.,"[Customer]: when I tap on @ I get ? I have to go to keyboard numeric to use @ symbol. Example: ?AppleSupport.
[AppleSupport]: Let’s see what we can find out about your device. Let us know which version of iOS you’re running in DM to proceed. [URL]
[Customer]: 11.1 (15B93). I have installed at least 3 updates in the past few weeks. Problems began after first one. Last update was installed early today.",Keyboard,ESCALATE,Troubleshooting could not be resolved publicly and required private DM assistance.
1999665,"got a new phone. 8+, restoring from iCloud and it’s asking me for passwords to 2 unknown Apple ids. It won’t go away!!!","[Customer]: got a new phone. 8+, restoring from iCloud and it’s asking me for passwords to 2 unknown Apple ids. It won’t go away!!!
[AppleSupport]: We're here to help. Is it prompting you when attempting to install a specific app? DM us your respond and we'll continue there. [URL]",Apple ID,ESCALATE,"Involves sensitive credentials, password reset, or account lockout requiring private identity verification."
1061434,"can you tell me why my charger isn’t working?! I’ve only had it a year, so inconvenient","[Customer]: can you tell me why my charger isn’t working?! I’ve only had it a year, so inconvenient
[AppleSupport]: We're here to help. Let's take this to DM so we can better assist you. [URL]",Battery,ESCALATE,Troubleshooting could not be resolved publicly and required private DM assistance.
2465717,So apparently @AppleSupport has forced iCloud on my phone and has been backing up information I thought I had been deleting! If I want your,"[Customer]: So apparently @AppleSupport has forced iCloud on my phone and has been backing up information I thought I had been deleting! If I want your
[Customer]: ICloud services, I’ll ask! Stop trying to dictate to me that I have to use iCloud!! FFS!
[AppleSupport]: We can help with turning iCloud off. This article goes over how to manage iCloud and your backups: [URL]",Apple ID,ESCALATE,Apple ID credential and account management involves private authentication requiring human/secure handling.
1540005,can you please tell me why the iPhone screens keep freezing,"[Customer]: can you please tell me why the iPhone screens keep freezing
[AppleSupport]: Thanks for reaching out to us. Please send us a DM and we can chat with you there. [URL]",Phone Performance,ESCALATE,Troubleshooting could not be resolved publicly and required private DM assistance.
2064248,updated 11.0.2 and now my phone is freezing up and screen rotation sticking in landscape mode!!!!,"[Customer]: updated 11.0.2 and now my phone is freezing up and screen rotation sticking in landscape mode!!!!
[AppleSupport]: We can look into getting your screen to work as expected. Can you let us know the device model? Send us a DM. [URL]
[Customer]: Sent",Screen & Camera,ESCALATE,Troubleshooting could not be resolved publicly and required private DM assistance.
2544028,if you don’t put all my memes and pictures of my favorite people back in my phone we’re gonna have a problem,"[Customer]: if you don’t put all my memes and pictures of my favorite people back in my phone we’re gonna have a problem
[AppleSupport]: We'd like to look into this with you. Send us DM including what issue you're experiencing with memes and photos. We'll continue there. [URL]",Apps & Storage,ESCALATE,Troubleshooting could not be resolved publicly and required private DM assistance.
1933920,My @797 keeps skipping screens and freezing. It won't let me type. @115858 this is crazy,"[Customer]: My @797 keeps skipping screens and freezing. It won't let me type. @115858 this is crazy
[AppleSupport]: That's certainly not expected behavior, and we'd like to help. Please send us a DM with your current iOS version. [URL]",Screen & Camera,ESCALATE,Troubleshooting could not be resolved publicly and required private DM assistance.
87013,"I took this screenshot a second ago. My phone thinks it’s 9am. Or maybe I time traveled… Go home iPhone, you’re drunk… [URL]","[Customer]: I took this screenshot a second ago. My phone thinks it’s 9am. Or maybe I time traveled… Go home iPhone, you’re drunk… [URL]
[Customer]: FYI (It’s 1am currently) [URL]
[AppleSupport]: Thank you for taking the time to reach out to us and for providing that screenshot. We know how important it is for your iPhone to display the correct time, and we'd love to help. Does restarting resolve the issue, or does it continue to show the wrong time?",Other,AUTO-HANDLE,Standard self-service troubleshooting and guidance provided publicly.
2471924,My iPhone 7+ keeps becoming unresponsive continuously and I can’t hard reset holding home button & lock. IOS up to date #Help,"[Customer]: My iPhone 7+ keeps becoming unresponsive continuously and I can’t hard reset holding home button & lock. IOS up to date #Help
[AppleSupport]: For an iPhone 7 Plus, press and hold both the Side and Volume Down buttons for at least 10 seconds, until you see the Apple logo.
[Customer]: Doh! I thought I wasn’t getting anything. I have tried this and will see if it solves the problem. Just keep getting u responsive screen 😏",Phone Performance,AUTO-HANDLE,"General performance lag addressable with standard restart, cache clearing, and storage checks."
1023599,"my phone crashed & the 2 options were to restore it to factory settings or to update it, updating would mean the photos & notes dont get deleted yet everything of 1 year is GONE now.. photos, notes, EVERYTHING. it went to factory setting automatically. i hate @115858 @AppleSupport","[Customer]: my phone crashed & the 2 options were to restore it to factory settings or to update it, updating would mean the photos & notes dont get deleted yet everything of 1 year is GONE now.. photos, notes, EVERYTHING. it went to factory setting automatically. i hate @115858 @AppleSupport
[AppleSupport]: Hi. This is not the experience we want you to have. We're here to help you. Have you looked to see if you had a backup of your iPhone? Here's how to check for one: [URL]
[Customer]: no 😔 i’ll make one so that such thing wont happen again. i already called apple they said they couldnt help since i didnt have a backup at the time but that it wasnt supposed to go to factory settings automatically and that this has happened before",Phone Performance,AUTO-HANDLE,"General performance lag addressable with standard restart, cache clearing, and storage checks."
1095929,HALP. my phone won’t stop screen recording. Even after turning it off.,"[Customer]: HALP. my phone won’t stop screen recording. Even after turning it off.
[AppleSupport]: Screen recording is meant to be on and off when you want, so we'd like to help. Which model is it and is iOS 11.0.3 installed?",Screen & Camera,AUTO-HANDLE,Standard self-service troubleshooting and guidance provided publicly.
325941,after updating. My wifi and bluetooth are not functioning properly. Wifi works for a minute or two then it disconnects. [URL],"[Customer]: after updating. My wifi and bluetooth are not functioning properly. Wifi works for a minute or two then it disconnects. [URL]
[AppleSupport]: We are here to help. Does this happen with all networks or just certain ones?
[Customer]: Not too sure because whenever I try to click the wifi tab on the settings it wont wont work same goes for the control center shortcut thing",Sound & Bluetooth,ESCALATE,Troubleshooting could not be resolved publicly and required private DM assistance.
1772897,- why these boxes still showing up on my phone after I️ updated my it ? 👀 @AppleSupport,"[Customer]: - why these boxes still showing up on my phone after I️ updated my it ? 👀 @AppleSupport
[AppleSupport]: Here’s what you can do to work around the issue until it’s fixed in a future software update: [URL]",Keyboard,AUTO-HANDLE,Standard self-service troubleshooting and guidance provided publicly.
1136049,ever since I updated my phone my battery has been dying quickly. Can you help?,"[Customer]: ever since I updated my phone my battery has been dying quickly. Can you help?
[AppleSupport]: We're glad to look into this with you! Please tell us more about what's going on since the update. We know how important it is to have reliable battery life throughout the day so you're not having to recharge your device frequently.
[Customer]: Ever since I ran the update the battery drains quickly. If I take a photo it drains from 90% to 30%.",Battery,ESCALATE,Troubleshooting could not be resolved publicly and required private DM assistance.
1700794,• Can’t fund where ringtones are in iTunes now. Can you point me to where they are?,"[Customer]: • Can’t fund where ringtones are in iTunes now. Can you point me to where they are?
[AppleSupport]: We have made changes in the new iTunes. To view those changes and where to find information visit here: [URL]
[Customer]: So how do I get my existing ringtones on to my iPhone?",Apps & Storage,ESCALATE,Troubleshooting could not be resolved publicly and required private DM assistance.
2020667,Can y’all give us an update on this stupid question mark crap that y’all are incapable of fixing? But I should pay $900 @115858 I️,"[Customer]: Can y’all give us an update on this stupid question mark crap that y’all are incapable of fixing? But I should pay $900 @115858 I️
[AppleSupport]: We're here to help. Take a look at this article for assistance with this issue. [URL] DM any questions. [URL]",Keyboard,AUTO-HANDLE,"Known iOS 11 keyboard autocorrect bug with an official, safe self-service Text Replacement workaround."
1599229,Anyone else having #iOS111 issues? My wifi keeps disconnecting. @AppleSupport #ios11 #apple,"[Customer]: Anyone else having #iOS111 issues? My wifi keeps disconnecting. @AppleSupport #ios11 #apple
[AppleSupport]: We want to be sure your staying connected to Wi-FI. What device are you using with iOS 11?
[Customer]: iPad",Other,AUTO-HANDLE,Standard self-service troubleshooting and guidance provided publicly.
2432815,Tried to update my phone & now its stuck on the plug into iTunes screen and won’t connect to any computer🙃 thanks @AppleSupport. Now i gotta send it to Apple to get fixed.,"[Customer]: Tried to update my phone & now its stuck on the plug into iTunes screen and won’t connect to any computer🙃 thanks @AppleSupport. Now i gotta send it to Apple to get fixed.
[AppleSupport]: We'd like to help and save you a trip if we can! We want to be sure you can use your iPhone as you'd expect. If iTunes isn't seeing that your iPhone is connected, you can follow the steps outlined here: [URL] Let us know how it goes.
[Customer]: Did these steps already & still didn’t work🙃",Apps & Storage,ESCALATE,Troubleshooting could not be resolved publicly and required private DM assistance.
2059463,my iPhone 6 used to work perfectly before iOS 11 update. And now the battery dies like never before. #Problem,"[Customer]: my iPhone 6 used to work perfectly before iOS 11 update. And now the battery dies like never before. #Problem
[AppleSupport]: We can help with the battery life. Could you Direct Message us and let us know what country you're located in? [URL]
[Customer]: Have done that! Pls check and revert.",Battery,ESCALATE,Troubleshooting could not be resolved publicly and required private DM assistance.
114459,A recent upgrade to iOS 11.1.2 has made my phone so so slow . I hate it. It’s so laggy now @AppleSupport,"[Customer]: A recent upgrade to iOS 11.1.2 has made my phone so so slow . I hate it. It’s so laggy now @AppleSupport
[AppleSupport]: You've come to the right place for help. We can definitely look into this with you. Send us a DM and we'll go from there. [URL]
[Customer]: @141447 @AppleSupport Using 11.1 (15B93) 6s. No issue so far except calculator issue been reported on macrumours and on developers beta. Please look into it too. I guess apple hasn’t addressed it till yet in 11.1.2.",Phone Performance,ESCALATE,Troubleshooting could not be resolved publicly and required private DM assistance.
199425,5s woke me up at midnight flashing and playing an alarm at max volume. Now it appears to be working. @115858 ?,"[Customer]: 5s woke me up at midnight flashing and playing an alarm at max volume. Now it appears to be working. @115858 ?
[AppleSupport]: That is unexpected for sure, but we're glad to hear that's working now. Reach out to us if that issue persists in the future.",Sound & Bluetooth,AUTO-HANDLE,Audio/Bluetooth settings behavior or volume adjustment resolvable via standard configuration steps.
2284498,LMFAO I JUST BOUGHT THE IPHONE X AND THE SCREEN WENT BLACK AND NOW IT WONT TURN ON @AppleSupport @115858,"[Customer]: LMFAO I JUST BOUGHT THE IPHONE X AND THE SCREEN WENT BLACK AND NOW IT WONT TURN ON @AppleSupport @115858
[AppleSupport]: We'd like to look into this with you. Send us a DM by clicking on the link below. We'll continue there. [URL]
[Customer]: @663870 🚮👎",Screen & Camera,ESCALATE,Troubleshooting could not be resolved publicly and required private DM assistance.
2558616,stop automatically putting my wifi & bluetooth on @115858,"[Customer]: stop automatically putting my wifi & bluetooth on @115858
[AppleSupport]: We're here for you. To turn off Wi-Fi and Bluetooth, follow these steps: To turn off Wi-Fi, go to Settings > Wi-Fi and turn off Wi-Fi. To turn off Bluetooth, go to Settings > Bluetooth and turn off Bluetooth. You can read more about this here: [URL]
[Customer]: i know how to turn them off… you guys keep turning them on automatically",Sound & Bluetooth,AUTO-HANDLE,Audio/Bluetooth settings behavior or volume adjustment resolvable via standard configuration steps.
954030,"Ever since the last update, my battery has been running down pretty fast! Sometimes within minutes, it's out. Please advise.","[Customer]: Ever since the last update, my battery has been running down pretty fast! Sometimes within minutes, it's out. Please advise.
[AppleSupport]: That's not expected. We're happy to help. Which iPhone model do you have? Also, what's the ambient temperature when this occurs?
[Customer]: iPhone 6 Plus. Temperature doesn't really rise beyond what's normal. Battery just silently runs out. A friend also complained about same.",Battery,ESCALATE,Troubleshooting could not be resolved publicly and required private DM assistance.
2911763,Hey @115858 thanks to your stupid updates my iPhone 7 which is less than a year old won’t stop freezing and glitching,"[Customer]: Hey @115858 thanks to your stupid updates my iPhone 7 which is less than a year old won’t stop freezing and glitching
[AppleSupport]: That's certainly not what we'd expect you to experience. We'll be happy to assist as best we can. What version of iOS are you running currently?",Phone Performance,AUTO-HANDLE,"General performance lag addressable with standard restart, cache clearing, and storage checks."
1642353,"@115858 Data lost, suddenly shutdown, jumping screen after updating 7+ to iOS 11.0.3. What’s wrong?","[Customer]: @115858 Data lost, suddenly shutdown, jumping screen after updating 7+ to iOS 11.0.3. What’s wrong?
[AppleSupport]: We can take a look. Are you missing data from the iPhone? Or unable to connect to cellular data?",Phone Performance,ESCALATE,"Severe system instability, persistent bootloop, or restore failure requiring advanced diagnostics."
1727715,"@118845 Hey bought Beats X and they connect to my macbook perfectly but not my s8+, shows up on bluetooth but wont connect. Please help","[Customer]: @118845 Hey bought Beats X and they connect to my macbook perfectly but not my s8+, shows up on bluetooth but wont connect. Please help
[AppleSupport]: While you may need to reach out to Samsung, let's rule out what we can over Twitter. Any steps tried so far with your Beats?
[Customer]: Put in pairing mode and phone can see it wouldnt connect, reset beats x and tried again no difference, reset bluetooth on phone nothing",Sound & Bluetooth,AUTO-HANDLE,Standard self-service troubleshooting and guidance provided publicly.
2888487,how is my phone broken and won’t charge unless it’s a certain way ... how do i fix this @115858,"[Customer]: how is my phone broken and won’t charge unless it’s a certain way ... how do i fix this @115858
[AppleSupport]: Thanks for reaching out! We know how important it is for you to be able to charge your iPhone. This article will explain what to do if your iPhone won’t charge: [URL] Let us know if you’re still having issues after completing the steps in the article.
[Customer]: still doesn’t work ... i probably need to get it fixed",Battery,ESCALATE,Physical hardware damage or component failure requiring hands-on inspection or hardware repair.
2064119,"The new @118134 IOS game is awesome! If the new @115858 IOS update didn’t destroy my battery, I wouldn’t stop playing it.","[Customer]: The new @118134 IOS game is awesome! If the new @115858 IOS update didn’t destroy my battery, I wouldn’t stop playing it.
[AppleSupport]: We know how important your battery life is. Try these steps and DM us if you are still having issues: [URL] [URL]
[Customer]: Thanks, but I already have my settings that way for saving battery life on the old version.",Battery,ESCALATE,Troubleshooting could not be resolved publicly and required private DM assistance.
236803,noticed some Airpods connection problems while listening to music. Sometimes they just disconnect without any reasons.#iOS11?,"[Customer]: noticed some Airpods connection problems while listening to music. Sometimes they just disconnect without any reasons.#iOS11?
[AppleSupport]: Do your AirPods only disconnect while listening to music, or on calls too? Please restart your iPhone if you haven’t already.
[Customer]: Seems working now, thanks for the advice!",Sound & Bluetooth,AUTO-HANDLE,Standard self-service troubleshooting and guidance provided publicly.
2279570,haven't been able to use AppStore all day! Help! 😓,"[Customer]: haven't been able to use AppStore all day! Help! 😓
[AppleSupport]: That is certainly not the experience that we wanted you to have with your device, and we are going to do everything we can to help you. When you have a free moment, please DM us so that we can look into this together. [URL]",Apps & Storage,ESCALATE,Troubleshooting could not be resolved publicly and required private DM assistance.
1078295,WHY DOES MY MUSIC PAUSE EVERY TIME I GET A NEW SNAPCHAT? #ios11update @115858,"[Customer]: WHY DOES MY MUSIC PAUSE EVERY TIME I GET A NEW SNAPCHAT? #ios11update @115858
[AppleSupport]: Thanks for reaching out. Please let us know what troubleshooting steps you have tried. We don't want you to repeat steps.
[Customer]: Um, I press play again?",Sound & Bluetooth,AUTO-HANDLE,Standard self-service troubleshooting and guidance provided publicly.
1305203,"How the hell am I getting charged by @118721 ? I dont even have an account ugh, just ugh. More reasons to hate @115858","[Customer]: How the hell am I getting charged by @118721 ? I dont even have an account ugh, just ugh. More reasons to hate @115858
[AppleSupport]: That's a great question and we'd like to help. Did you receive an email or some type of message showing a charge?",Apple ID,ESCALATE,"Involves sensitive financial transactions, billing disputes, or payment details requiring human account review."
1997778,Hey @AppleSupport what’s going on with this autocorrect for a capital I? [URL],"[Customer]: Hey @AppleSupport what’s going on with this autocorrect for a capital I? [URL]
[AppleSupport]: Thanks for the screenshot, we can help. DM us the type of device and iOS version you're using to look into this further. [URL]",Keyboard,AUTO-HANDLE,"Known iOS 11 keyboard autocorrect bug with an official, safe self-service Text Replacement workaround."
1434192,Is there a way to rebalance volume? I have mine set all the way down to 1/4 bar and it's still kind of too loud :/,"[Customer]: Is there a way to rebalance volume? I have mine set all the way down to 1/4 bar and it's still kind of too loud :/
[AppleSupport]: We want to help. Let us know what device you're experiencing this issue on.
[Customer]: iMac. I'm using a USB gaming headset from @60273",Sound & Bluetooth,AUTO-HANDLE,Audio/Bluetooth settings behavior or volume adjustment resolvable via standard configuration steps.
498652,my iPhone5 screen gets unresponsive in plane & also becomes hot. Happening since last 6 months in every journey (12-15 journeys) [URL],"[Customer]: my iPhone5 screen gets unresponsive in plane & also becomes hot. Happening since last 6 months in every journey (12-15 journeys) [URL]
[AppleSupport]: We'd be happy to look into this with you! Can you send us a DM letting us know which iOS version you're currently running? [URL]
[Customer]: One more problem, Everytime phone restarts all SMSs notifications come again. Attached video [URL]",Screen & Camera,ESCALATE,Display hardware or touch digitizer failure requiring physical inspection or screen replacement.
1180116,okay what the fuck is up with iphone needing to “load” your camera roll/photos.. there should be no loading??? it never used to happen before idk if it came with the new ios but I am NOT here for it. @AppleSupport,"[Customer]: okay what the fuck is up with iphone needing to “load” your camera roll/photos.. there should be no loading??? it never used to happen before idk if it came with the new ios but I am NOT here for it. @AppleSupport
[AppleSupport]: We're glad to help! Are you referring to the loading symbol in the bottom right corner when viewing photos & videos in the Photos app? If so, let us know if iCloud Photo Library is enabled and if your device is set to ""Optimize iPhone Storage"" under Settings > Photos.
[Customer]: Yes im referring to the loading symbol and my phone is already set to “optimize iphone storage”",Apps & Storage,AUTO-HANDLE,Standard self-service troubleshooting and guidance provided publicly.
2702135,Phone been unusable allllll day on this spin wheel shit. It finally come back on and now I’m locked out my own iCloud for 24 hours due to @115858 phones being pieces of shit. Guess who ain’t got nobody number? 😔,"[Customer]: Phone been unusable allllll day on this spin wheel shit. It finally come back on and now I’m locked out my own iCloud for 24 hours due to @115858 phones being pieces of shit. Guess who ain’t got nobody number? 😔
[AppleSupport]: We'd like to help. Go ahead and DM us some more details about this and we can work together. [URL]",Phone Performance,ESCALATE,Troubleshooting could not be resolved publicly and required private DM assistance.
1736100,"When driving mode is on and I receive a call, I can’t turn volume up or down from my Apple headphones.","[Customer]: When driving mode is on and I receive a call, I can’t turn volume up or down from my Apple headphones.
[AppleSupport]: Hey there! We've received your DM and will join you there shortly. Thanks!",Sound & Bluetooth,AUTO-HANDLE,Audio/Bluetooth settings behavior or volume adjustment resolvable via standard configuration steps.
2013717,@115858 @AppleSupport please fix the “i” glitch in the newest update thank you,"[Customer]: @115858 @AppleSupport please fix the “i” glitch in the newest update thank you
[AppleSupport]: Thanks for reaching out. We have a workaround for this here: [URL] DM us if you still need help. [URL]",Keyboard,ESCALATE,Troubleshooting could not be resolved publicly and required private DM assistance.
395629,"@115858 ever since I updated my phone to ios11, I can’t stream videos. Bummer","[Customer]: @115858 ever since I updated my phone to ios11, I can’t stream videos. Bummer
[AppleSupport]: Streaming what you want on your device is definitely important! Which service is this issue occurring with?
[Customer]: Hbo and showtime. Sometimes YouTube but not as much",Apps & Storage,AUTO-HANDLE,Standard self-service troubleshooting and guidance provided publicly.
2743065,How come i have to keep turning my Bluetooth off... shouldn’t it just stay off once ive done it? @115858,"[Customer]: How come i have to keep turning my Bluetooth off... shouldn’t it just stay off once ive done it? @115858
[AppleSupport]: We’d like to help. This article helps explain what happens when you toggle Bluetooth or Wi-Fi from the Control Center in iOS 11: [URL]",Sound & Bluetooth,AUTO-HANDLE,Standard self-service troubleshooting and guidance provided publicly.
1053648,wtf?? i delete all the photos last week and this morning there was only 300 on my camera roll what the hell @AppleSupport ? [URL],"[Customer]: wtf?? i delete all the photos last week and this morning there was only 300 on my camera roll what the hell @AppleSupport ? [URL]
[AppleSupport]: We’d like to assist with your photos. Just to clarify, were you deleting the photos from the iCloud Photo Library?
[Customer]: no these phones wasn't at icloud library at the first place i even deleted them for the garbage",Apps & Storage,ESCALATE,Troubleshooting could not be resolved publicly and required private DM assistance.
2052582,Who is responsible for this fresh new aggravation since the iOS 11 update? @115858 @115725? No internet yet I have LTE?? #iphone [URL],"[Customer]: Who is responsible for this fresh new aggravation since the iOS 11 update? @115858 @115725? No internet yet I have LTE?? #iphone [URL]
[AppleSupport]: Thank you for reaching out, we'd like to help. Send us a DM with some details about when you noticed this, we'll go from there. [URL]",Other,ESCALATE,Troubleshooting could not be resolved publicly and required private DM assistance.
1632365,@115858 wtf happened to autocorrect? It capitalizes random shit and changed “view” to “Brie” like fuck,"[Customer]: @115858 wtf happened to autocorrect? It capitalizes random shit and changed “view” to “Brie” like fuck
[AppleSupport]: We're happy to assist. Which iOS version are you currently running? Go to Settings > General > About for the version.",Keyboard,AUTO-HANDLE,"Known iOS 11 keyboard autocorrect bug with an official, safe self-service Text Replacement workaround."
2493887,"after trying to update my phone, my iphone won’t stop freezing so now i can’t watch youtube, netflix nor can i shapchat. galaxy note8 here i come!","[Customer]: after trying to update my phone, my iphone won’t stop freezing so now i can’t watch youtube, netflix nor can i shapchat. galaxy note8 here i come!
[AppleSupport]: We’d love to help with the performance of your iPhone. To start, please send us a DM confirming which iPhone and exact software version you’re using. [URL]",Phone Performance,ESCALATE,Troubleshooting could not be resolved publicly and required private DM assistance.
1478397,Fix these damn question mark boxes! EYE would like to be able to type the letter EYE again @AppleSupport,"[Customer]: Fix these damn question mark boxes! EYE would like to be able to type the letter EYE again @AppleSupport
[AppleSupport]: We'd like to help. Which iOS version is your device running? Let us know in DM. [URL]",Keyboard,AUTO-HANDLE,"Known iOS 11 keyboard autocorrect bug with an official, safe self-service Text Replacement workaround."
1881556,fixed my screen LAST WEEK. shit cracked today. AND I HAVE A CASE. AND A SCREEN PROTECTOR @AppleSupport I want to make a return,"[Customer]: fixed my screen LAST WEEK. shit cracked today. AND I HAVE A CASE. AND A SCREEN PROTECTOR @AppleSupport I want to make a return
[AppleSupport]: We'd love to help and see what we can do for you. Join us in DM with additional details to get started: [URL]",Screen & Camera,ESCALATE,Physical hardware damage or component failure requiring hands-on inspection or hardware repair.
1455396,@115858 fix this problem with typing I️ and sending these damn lines.... messing my work emails all up 🤯🤬🤯🤬,"[Customer]: @115858 fix this problem with typing I️ and sending these damn lines.... messing my work emails all up 🤯🤬🤯🤬
[AppleSupport]: We can definitely help to look into this together. Reach out to us in DM and we'll continue there. [URL]",Keyboard,ESCALATE,Troubleshooting could not be resolved publicly and required private DM assistance.
2015587,since the latest phone upgrade I randomly lose the time/date on my locked home screen and have to restart. What gives?,"[Customer]: since the latest phone upgrade I randomly lose the time/date on my locked home screen and have to restart. What gives?
[AppleSupport]: Thanks for reaching out to us for support. We would love to help you. Please DM us so that we can look into this together. [URL]",Phone Performance,ESCALATE,Troubleshooting could not be resolved publicly and required private DM assistance.
1458780,"Hey @AppleSupport, you really need to get this glitch with the “I️” figured out. Keeps sending a weird “A” with a question mark in a box...","[Customer]: Hey @AppleSupport, you really need to get this glitch with the “I️” figured out. Keeps sending a weird “A” with a question mark in a box...
[Customer]: Welp, as you can see...none of my I’s went through
[Customer]: @458602 @AppleSupport same...",Keyboard,AUTO-HANDLE,"Known iOS 11 keyboard autocorrect bug with an official, safe self-service Text Replacement workaround."
1906549,iPhone 7 Headphone connection is flawed. It constantly pauses what I am listening to if the chord gets moved very slightly.,"[Customer]: iPhone 7 Headphone connection is flawed. It constantly pauses what I am listening to if the chord gets moved very slightly.
[AppleSupport]: We want to be sure you can listen to your music without any interruption. We can help! DM us and we'll look into this further. [URL]",Sound & Bluetooth,ESCALATE,Troubleshooting could not be resolved publicly and required private DM assistance.
975824,since updating to iOS 11.0.2 my iPhone 6 Plus won’t stop freezing and crashing. Please fix this issue. It’s unbearable! #ios11,"[Customer]: since updating to iOS 11.0.2 my iPhone 6 Plus won’t stop freezing and crashing. Please fix this issue. It’s unbearable! #ios11
[AppleSupport]: We want to get your iPhone working properly. Please send us a DM so we can assist. [URL]",Phone Performance,ESCALATE,Troubleshooting could not be resolved publicly and required private DM assistance.
1524123,Hey @AppleSupport! How to deactivate live mode in the camera? There’s nothing in settings on ios 11.1...,"[Customer]: Hey @AppleSupport! How to deactivate live mode in the camera? There’s nothing in settings on ios 11.1...
[AppleSupport]: This article should help with that: [URL]",Screen & Camera,AUTO-HANDLE,Standard self-service troubleshooting and guidance provided publicly.
1036548,"Why do all folders on iCloud Drive appear in iOS, but only some appear on macOS? (Chunky Comic Reader, and Sketchbook) [URL]","[Customer]: Why do all folders on iCloud Drive appear in iOS, but only some appear on macOS? (Chunky Comic Reader, and Sketchbook) [URL]
[AppleSupport]: Ensuring your files are showing correctly on all devices, is important to us. Let us know if this helps: [URL]
[Customer]: @365203 @116333 runs a company full of LIARS!!! #AppleSucks",Apps & Storage,AUTO-HANDLE,Standard self-service troubleshooting and guidance provided publicly.
1773171,So much for @115858's iPhone 7 Plus being waterproof...dropped three droplets of water on it and now the keyboard isn't working. 😒 @AppleSupport,"[Customer]: So much for @115858's iPhone 7 Plus being waterproof...dropped three droplets of water on it and now the keyboard isn't working. 😒 @AppleSupport
[AppleSupport]: We'd like to look deeper into what's going on. DM us and we'll see what we can do to assist. [URL]",Keyboard,ESCALATE,Physical hardware damage or component failure requiring hands-on inspection or hardware repair.
1814499,@115858 I can never catch a 🤬 break with y’all! I just bought a new headphone adapter listened to a whole song & now it not being recognized,"[Customer]: @115858 I can never catch a 🤬 break with y’all! I just bought a new headphone adapter listened to a whole song & now it not being recognized
[AppleSupport]: Thanks for reaching out. Please send us a DM letting us know where you purchased the adapter and any steps taken so far. [URL]",Sound & Bluetooth,ESCALATE,Troubleshooting could not be resolved publicly and required private DM assistance.
1233616,@115858 fix ios11 cause my phone freezing since updating,"[Customer]: @115858 fix ios11 cause my phone freezing since updating
[AppleSupport]: We can help! Let us know via DM the type of iPhone that you have, then we can go from there. [URL]",Phone Performance,ESCALATE,Troubleshooting could not be resolved publicly and required private DM assistance.
1940919,Could anyone good at computers tell me why this iCloud Drive folder acts like this? Literally can’t open it 😫 running 10.13 17A405 [URL],"[Customer]: Could anyone good at computers tell me why this iCloud Drive folder acts like this? Literally can’t open it 😫 running 10.13 17A405 [URL]
[Customer]: please see above tweet in thread ☹️
[AppleSupport]: We want to help you. DM us, and let us know what's going on exactly. We'll do whatever we can to assist. [URL]",Apps & Storage,ESCALATE,Troubleshooting could not be resolved publicly and required private DM assistance.
2825492,Why is my battery going down so fucking fast @115858 [URL],"[Customer]: Why is my battery going down so fucking fast @115858 [URL]
[AppleSupport]: There can be many factors which affect the performance of your iPhone battery. We're happy to look into this with you. To begin, DM us which device we're working with and the operating system version number it's running. [URL]",Battery,ESCALATE,Troubleshooting could not be resolved publicly and required private DM assistance.
2019598,@115858 my brand new #iPhoneX has a nasty bleed through problem. For only 1k+ you can get 3/4 of an awesome screen! Genius here I come.,"[Customer]: @115858 my brand new #iPhoneX has a nasty bleed through problem. For only 1k+ you can get 3/4 of an awesome screen! Genius here I come.
[AppleSupport]: We'd definitely like to learn more about what's happening with your screen. DM us a few more details and we'll dive in. Thanks. [URL]",Screen & Camera,ESCALATE,Display hardware or touch digitizer failure requiring physical inspection or screen replacement.
2352175,Downloaded and paid for @118062 #repuatation - however it’s not playing in my @AppleSupport #applemusic #itunes,"[Customer]: Downloaded and paid for @118062 #repuatation - however it’s not playing in my @AppleSupport #applemusic #itunes
[AppleSupport]: We want to help. See if you can access and download the album from your purchased section. You can locate that using the following link: [URL]
[Customer]: that doesn't work. It shows in my phone, but does not give option to play or listen.",Apps & Storage,ESCALATE,Troubleshooting could not be resolved publicly and required private DM assistance.
1526937,Hello @AppleSupport why is this weird code/question mark happening in my messages and apps?,"[Customer]: Hello @AppleSupport why is this weird code/question mark happening in my messages and apps?
[Customer]: [URL]
[AppleSupport]: Let's help take a closer look. Please DM us the version of iOS you're using and we can go from there. [URL]",Keyboard,AUTO-HANDLE,"Known iOS 11 keyboard autocorrect bug with an official, safe self-service Text Replacement workaround."
1028442,"@115858 @116333 @AppleSupport What’re u guys doing 2 my iPhone?It’s overheating,battery draining to a point,beyond annoying.#FixMyiPhone","[Customer]: @115858 @116333 @AppleSupport What’re u guys doing 2 my iPhone?It’s overheating,battery draining to a point,beyond annoying.#FixMyiPhone
[AppleSupport]: We're going to do everything we can to help get this sorted. DM us the version of iOS you're using and we can go from there. [URL]
[Customer]: @363338 They aren’t doing anything they just want you to go buy a iPhone 8",Battery,ESCALATE,"Extreme battery degradation, thermal overheating, or private diagnostic telemetry required."
2364557,"For some reason I have to charge the remote on my 4K Apple TV like every week, or more often. This isn’t normal is it? @AppleSupport","[Customer]: For some reason I have to charge the remote on my 4K Apple TV like every week, or more often. This isn’t normal is it? @AppleSupport
[AppleSupport]: That doesn't sound normal and we'd like to get you over to our Apple TV support for further help with this issue. They'll be the best ones to help out and see why this is happening with your Apple TV: [URL]",Battery,ESCALATE,"Extreme battery degradation, thermal overheating, or private diagnostic telemetry required."
2549918,to update my FREE apps I have to have money on my account... why do you even need a card on file in the first place. Sketchy af @115858 🙄🙃😅😒🙄,"[Customer]: to update my FREE apps I have to have money on my account... why do you even need a card on file in the first place. Sketchy af @115858 🙄🙃😅😒🙄
[AppleSupport]: We can help. Let's try selecting 'None' as a payment method instead. For steps: [URL]
[Customer]: I would if that even existed",Apple ID,ESCALATE,"Involves sensitive financial transactions, billing disputes, or payment details requiring human account review."
2304018,WTF!! @115858 @AppleSupport @2531 this update is BULLSHIT my battery is fkn fried I literally unplug it and it drops to 70% FIX THIS SHIT! #iphone #iosfail #ios1111 #iphonefail,"[Customer]: WTF!! @115858 @AppleSupport @2531 this update is BULLSHIT my battery is fkn fried I literally unplug it and it drops to 70% FIX THIS SHIT! #iphone #iosfail #ios1111 #iphonefail
[AppleSupport]: We’re happy to look into issues with your battery draining more quickly than expected. Let’s start here by comparing your settings to these settings for maximizing battery performance: [URL]
[Customer]: I’ve already done all that! It’s messed up with your ios11 update and has been terrible since then and it’s gotten worse amongst many other glitches that you guys aren’t rectifying! Fix these problems and stop releasing updates or give me ios10 back!!",Battery,AUTO-HANDLE,Standard self-service troubleshooting and guidance provided publicly.
2565755,"hi. I'm having problems because I changed of country, and my App Store doesn't let me download new local apps. Each time I change my account settings, the system asks me a new change to the other country.","[Customer]: hi. I'm having problems because I changed of country, and my App Store doesn't let me download new local apps. Each time I change my account settings, the system asks me a new change to the other country.
[AppleSupport]: Thanks for reaching out. We'd be happy to help. Just to clarify, ever time you try to download an app, it asks you to complete the country change again and again?
[Customer]: If i try to download French apps, the App Store asks me to change my account from Mex to France. But after the change, it demands me to change to Mx again, so I cannot continue the download.",Apps & Storage,ESCALATE,Troubleshooting could not be resolved publicly and required private DM assistance.
2004245,"plz help, “system” taking more than half of my phone’s storage [URL]","[Customer]: plz help, “system” taking more than half of my phone’s storage [URL]
[AppleSupport]: We're happy to help figure out what may be causing that to happen! Join us in DM with the iOS version currently installed. [URL]",Apps & Storage,ESCALATE,Troubleshooting could not be resolved publicly and required private DM assistance.
1650175,Bruh @115858 fix our mf phones & get these question mark boxes outta here,"[Customer]: Bruh @115858 fix our mf phones & get these question mark boxes outta here
[AppleSupport]: Here’s what you can do to work around the issue until it’s fixed in a future software update: [URL]",Keyboard,AUTO-HANDLE,"Known iOS 11 keyboard autocorrect bug with an official, safe self-service Text Replacement workaround."
1881571,my ipad's speaker damaged. Reason is unknown. Apple service centre refused to repair it. My favourite device....m really sad 😔 [URL],"[Customer]: my ipad's speaker damaged. Reason is unknown. Apple service centre refused to repair it. My favourite device....m really sad 😔 [URL]
[AppleSupport]: We want to make sure we check all your options. Send us a DM with which country you are located in to start. [URL]",Sound & Bluetooth,ESCALATE,Troubleshooting could not be resolved publicly and required private DM assistance.
862762,experienced an error -21 06f when doing an internet recovery of my Mac. Now I have this screen. Please help. [URL],"[Customer]: experienced an error -21 06f when doing an internet recovery of my Mac. Now I have this screen. Please help. [URL]
[AppleSupport]: This is a network error. Any firewalls or proxy settings on the router? Is DHCP enabled? Learn how: [URL]
[Customer]: There are no firewalls and the router has no restrictions applied to it. Restarted the process and the error is yet to come up.",Phone Performance,ESCALATE,Troubleshooting could not be resolved publicly and required private DM assistance.
1919561,My iPhone 6 keeps on dying! Is my battery dead or is my charger faulty??? @AppleSupport @115858,"[Customer]: My iPhone 6 keeps on dying! Is my battery dead or is my charger faulty??? @AppleSupport @115858
[AppleSupport]: That's not the experience we like to here with your iPhone. Send us a DM by clicking on the link below. We'll go from there. [URL]",Battery,ESCALATE,Troubleshooting could not be resolved publicly and required private DM assistance.
1133548,@115858 iOS 11.1 iPhone 6s weird spilt screen during calls. Any fix? [URL],"[Customer]: @115858 iOS 11.1 iPhone 6s weird spilt screen during calls. Any fix? [URL]
[AppleSupport]: We’d love to help find the best solution. To start, please send us a DM confirming if you’re using iOS Beta Software. [URL]",Screen & Camera,ESCALATE,Troubleshooting could not be resolved publicly and required private DM assistance.
2015797,"Dear @115858, fix the issue of typing a capital i and getting an A with a box, never will I️ type that [URL]","[Customer]: Dear @115858, fix the issue of typing a capital i and getting an A with a box, never will I️ type that [URL]
[AppleSupport]: Thanks for reaching out. We have a workaround for this here: [URL] DM us if you still need help. [URL]",Keyboard,ESCALATE,Troubleshooting could not be resolved publicly and required private DM assistance.
155955,I gave 4500 turkish liras and my phone is not at all I am not satisfied.İt is frozen @AppleSupport,"[Customer]: I gave 4500 turkish liras and my phone is not at all I am not satisfied.İt is frozen @AppleSupport
[AppleSupport]: This is not the experience we want you to have. We're here to assist. Please take a look at the following article with steps to try when your phone is frozen: [URL]
[Customer]: i try every way but it does not work. for the first time i encounter such a thing.",Phone Performance,ESCALATE,Troubleshooting could not be resolved publicly and required private DM assistance.
465503,"Hey @115858, my iMessages are not sending? :/ Little help?","[Customer]: Hey @115858, my iMessages are not sending? :/ Little help?
[AppleSupport]: We'd like to take a look at this with you. Let's continue in DM. [URL]
[Customer]: Thx! Sent you a DM",Apps & Storage,ESCALATE,Troubleshooting could not be resolved publicly and required private DM assistance.
362077,@115858 iOS 11 renders all voice memo files too soft to hear even at full volume. Crap!!!,"[Customer]: @115858 iOS 11 renders all voice memo files too soft to hear even at full volume. Crap!!!
[AppleSupport]: Hello, we'd like to look into this. Do you have the volume issue with other apps aside from Voice Memos?
[Customer]: Immediately checked YouTube, Spotify, iTunes. All worked fine.",Sound & Bluetooth,AUTO-HANDLE,Audio/Bluetooth settings behavior or volume adjustment resolvable via standard configuration steps.
2890790,- New MacBook crashes like crazy when using chrome. Total freeze and have to do manual reboot. Others seem to have same issue. Help! Brand new one!,"[Customer]: - New MacBook crashes like crazy when using chrome. Total freeze and have to do manual reboot. Others seem to have same issue. Help! Brand new one!
[AppleSupport]: Thanks for reaching out! We never like to hear that you’re having issues with your new MacBook. Does the Mac freeze when you’re using other applications besides Chrome? Which version of macOS are you running? This will explain how to check: [URL]
[Customer]: To date, it's just been Chrome. Maybe a few times with Microsoft office suite (but usually those crash just the app, not the whole computer). Using OSSierra 10.12.6. The @9242 people had me clear cookies etc but that didn't work.",Phone Performance,AUTO-HANDLE,"General performance lag addressable with standard restart, cache clearing, and storage checks."
2800562,"just got this phone two months ago and first the lock button stopped working, and now the home button!! Wtf never even dropped it @115858","[Customer]: just got this phone two months ago and first the lock button stopped working, and now the home button!! Wtf never even dropped it @115858
[AppleSupport]: That’s never what we want to hear. Let’s work together to get this fixed. To start, can you tell us which iPhone you have?
[Customer]: iPhone 7 Plus",Screen & Camera,AUTO-HANDLE,Standard self-service troubleshooting and guidance provided publicly.
643900,"Assistive touch, background refresh are all off, low power mode is on. Battery still drains like crazy. Please fix next update","[Customer]: Assistive touch, background refresh are all off, low power mode is on. Battery still drains like crazy. Please fix next update
[AppleSupport]: Let's check a few things together. Please tap here to continue in a DM: [URL]",Battery,AUTO-HANDLE,Informational inquiry on battery health settings and standard power-saving configuration.
1215570,since updating my iPhone to IOS 11.03 anytime I mirror to Apple TV it times out after 5 mins?? Help #airplay,"[Customer]: since updating my iPhone to IOS 11.03 anytime I mirror to Apple TV it times out after 5 mins?? Help #airplay
[AppleSupport]: We've got your back. Reach out to our Apple TV team for support here: [URL]",Apps & Storage,AUTO-HANDLE,Standard self-service troubleshooting and guidance provided publicly.
2001720,"I'm sure things are hectic w/ the iPhone X launch, but @115858 really needs to do something about this predictive texting issue!","[Customer]: I'm sure things are hectic w/ the iPhone X launch, but @115858 really needs to do something about this predictive texting issue!
[AppleSupport]: Thanks for reaching out. So we can help, DM us the device you're using, the iOS version and some details about your experience. [URL]",Keyboard,AUTO-HANDLE,"Known iOS 11 keyboard autocorrect bug with an official, safe self-service Text Replacement workaround."
2070199,"Since I updated too IOS11 all my phone does is freeze, crash or shut down help..... @AppleSupport 😩😩","[Customer]: Since I updated too IOS11 all my phone does is freeze, crash or shut down help..... @AppleSupport 😩😩
[AppleSupport]: We want you to be happy with your phone. We're here to help. Let's get together in DM to get you a resolution. [URL]",Phone Performance,ESCALATE,Troubleshooting could not be resolved publicly and required private DM assistance.
546702,"any way to not see my name whenever i open settings? like i know my own name lmao but now i cant open settings in public, i dont want ppl seeing my full name. i have to log in and out of itunes like 7 times a day now bc of this pls help","[Customer]: any way to not see my name whenever i open settings? like i know my own name lmao but now i cant open settings in public, i dont want ppl seeing my full name. i have to log in and out of itunes like 7 times a day now bc of this pls help
[AppleSupport]: Hi. We're happy to help. You can edit your name under Settings > [your name] > Name, Phone Numbers, Email.
[Customer]: changed my name to just my initials but on the main settings page it’s still showing my old full name, and like i don’t even want to edit it i just want to not see it at all, there’s no way to do that?",Other,AUTO-HANDLE,Standard self-service troubleshooting and guidance provided publicly.
2025902,"Last but not least - @115858, what is going on with this autocorrect? Confused with iOS11, to say the least. [URL]","[Customer]: Last but not least - @115858, what is going on with this autocorrect? Confused with iOS11, to say the least. [URL]
[Customer]: @115858 @AppleSupport
[AppleSupport]: Hey there! Thanks for reaching out to us. Let's go into DM so we can address all of your concerns. Click here to get started: [URL]",Keyboard,AUTO-HANDLE,"Known iOS 11 keyboard autocorrect bug with an official, safe self-service Text Replacement workaround."
1684503,ii tried to turn my auto correct off but ii suck at texting without it 😫😫😫 @115858 fix this SHIT!!!!,"[Customer]: ii tried to turn my auto correct off but ii suck at texting without it 😫😫😫 @115858 fix this SHIT!!!!
[AppleSupport]: Here’s what you can do to work around the issue until it’s fixed in a future software update: [URL]",Keyboard,AUTO-HANDLE,Standard self-service troubleshooting and guidance provided publicly.
332471,I am trying to purchase something on the app store but i kept receiving notifications saying my purchase is declined ?,"[Customer]: I am trying to purchase something on the app store but i kept receiving notifications saying my purchase is declined ?
[AppleSupport]: We can help. Take a look at the steps found here and let us know if that helps: [URL]
[Customer]: this appears when i already edit and confirm my informations [URL]",Apple ID,ESCALATE,"Involves sensitive financial transactions, billing disputes, or payment details requiring human account review."
2918926,Is game center down? It's not recognizing my login!,"[Customer]: Is game center down? It's not recognizing my login!
[AppleSupport]: We've got your back. Can you tell us the message you are seeing when trying to use Game Center or what's happening? Which device are you using?
[Customer]: @807894 [URL]",Apple ID,ESCALATE,Apple ID credential and account management involves private authentication requiring human/secure handling.
1742576,@115858 what’s up with this A ? When I️ type I️? It’s annoying please fix,"[Customer]: @115858 what’s up with this A ? When I️ type I️? It’s annoying please fix
[AppleSupport]: Here’s what you can do to work around the issue until it’s fixed in a future software update: [URL]",Keyboard,AUTO-HANDLE,"Known iOS 11 keyboard autocorrect bug with an official, safe self-service Text Replacement workaround."
2813871,MY APPS KEEP CRASHING AND IM NOT GETTIG NOTIFACATIONS STOP MAKING UPDATES THAT ONLY WORK FOR THE NEWEST PHONES,"[Customer]: MY APPS KEEP CRASHING AND IM NOT GETTIG NOTIFACATIONS STOP MAKING UPDATES THAT ONLY WORK FOR THE NEWEST PHONES
[AppleSupport]: We'd love to work through the issues you're experiencing with your iPhone. Are these issues occurring with multiple apps or just specific ones? Also, which specific version of iOS is currently installed? Let us know both answers via DM. [URL]",Phone Performance,ESCALATE,Troubleshooting could not be resolved publicly and required private DM assistance.
8568,@115858 wtf y’all got going on with my emojis 😐 I’m seeing boxes and shit,"[Customer]: @115858 wtf y’all got going on with my emojis 😐 I’m seeing boxes and shit
[AppleSupport]: Hey there. 70 new Emoji have been released with iOS 11.1. Update to that and let us know how it goes.
[Customer]: Let me enjoy the 11 first mfs",Keyboard,AUTO-HANDLE,Standard self-service troubleshooting and guidance provided publicly.
2304938,why when there’s 5gb storage available and a kids game is 1.2gb. Does it keep telling me there’s not enough storage to download?!,"[Customer]: why when there’s 5gb storage available and a kids game is 1.2gb. Does it keep telling me there’s not enough storage to download?!
[AppleSupport]: We want to make sure we're providing you with the best solutions. Could you confirm what type of device you're using, along with the current OS version?",Apps & Storage,AUTO-HANDLE,Standard self-service troubleshooting and guidance provided publicly.
2295261,I haven’t had access to my iCloud email account in 2 weeks!! Help!! I already had 2 Apple Chat sessions 😭😭😭,"[Customer]: I haven’t had access to my iCloud email account in 2 weeks!! Help!! I already had 2 Apple Chat sessions 😭😭😭
[AppleSupport]: Let's get you in contact with our Account Security team here: [URL] [URL]",Apple ID,ESCALATE,Apple ID credential and account management involves private authentication requiring human/secure handling.
1289773,tried to download plotagraph via apple store app for free but didn’t succeed. Now I can’t download it anymore. What to do?,"[Customer]: tried to download plotagraph via apple store app for free but didn’t succeed. Now I can’t download it anymore. What to do?
[AppleSupport]: Thanks for reaching out! So we can look closer into this, can you let us know which device and software version you're using?
[Customer]: Iphone 8 plus 256gb & iOS 11.0.3",Apps & Storage,ESCALATE,Troubleshooting could not be resolved publicly and required private DM assistance.
489648,So in order to get Mr. Robot on my Apple TV I had to search for Mr. Robot in the itunes store on my MB - purchase the episodes and now hopefully the Apple TV updates. I shouldn't have to be Mr. Robot to watch Mr. Robot. @115858,"[Customer]: So in order to get Mr. Robot on my Apple TV I had to search for Mr. Robot in the itunes store on my MB - purchase the episodes and now hopefully the Apple TV updates. I shouldn't have to be Mr. Robot to watch Mr. Robot. @115858
[Customer]: @115858 Finally got it working; had to airplay itunes from the mb to my apple tv. Checked again this morning and the apple tv still can't load anything I purchased. Such quality.
[AppleSupport]: That's not the experience we want you to have. For help with your Apple TV, reach out to us here: [URL]",Apps & Storage,AUTO-HANDLE,Standard self-service troubleshooting and guidance provided publicly.
824068,is iCloud wiping photos and backups exceeding 5gbs after having downgraded from a paid tier normal?can't you just not add more,"[Customer]: is iCloud wiping photos and backups exceeding 5gbs after having downgraded from a paid tier normal?can't you just not add more
[AppleSupport]: We're here to help. Let's take this to DM so we can better assist you. [URL]",Apps & Storage,ESCALATE,Troubleshooting could not be resolved publicly and required private DM assistance.
1792980,1GB of unused space and yet my camera app says storage is full... @AppleSupport [URL],"[Customer]: 1GB of unused space and yet my camera app says storage is full... @AppleSupport [URL]
[AppleSupport]: We'd like to help. Please DM us the iOS version that's currently installed on your iPhone and we'll go from there. [URL]
[Customer]: DM’d",Screen & Camera,ESCALATE,Troubleshooting could not be resolved publicly and required private DM assistance.
2096015,"I have 5s, voice call sound is not clear crackling and blurred And sometime WiFi is not connting easily after ios 11","[Customer]: I have 5s, voice call sound is not clear crackling and blurred And sometime WiFi is not connting easily after ios 11
[AppleSupport]: You're in the right place for help. Select the following link to join us in a DM and we'll continue there. [URL]",Sound & Bluetooth,ESCALATE,Troubleshooting could not be resolved publicly and required private DM assistance.
2309065,Has anyone else noticed since updating your #iOS that your alarm is sooo quiet?? I’m afraid I’m going to sleep through it even though my volume is all the way up! @115858 #applechat #iphone,"[Customer]: Has anyone else noticed since updating your #iOS that your alarm is sooo quiet?? I’m afraid I’m going to sleep through it even though my volume is all the way up! @115858 #applechat #iphone
[AppleSupport]: Let's take a look so you can go to sleep without worry. To clarify, are any other sounds very quiet like music, calls, etc.?
[Customer]: Texts, calls and music have been normal. Someone suggested going to settings to try ‘change with buttons’ so I’ll try that and see if it helps. Thanks for the response!",Sound & Bluetooth,AUTO-HANDLE,Audio/Bluetooth settings behavior or volume adjustment resolvable via standard configuration steps.
120683,"My Apple Watch is still not connecting to Wi-Fi. Did everything: forgetting & reconnecting iPhone Wi-Fi, shutting-off devices & Bluetooth, repairing... Wi-Fi network is 2,4Ghz and 11b/g/n. Called French @AppleSupport. They were so lost I decided to get another coffee ☕️. Help?","[Customer]: My Apple Watch is still not connecting to Wi-Fi. Did everything: forgetting & reconnecting iPhone Wi-Fi, shutting-off devices & Bluetooth, repairing... Wi-Fi network is 2,4Ghz and 11b/g/n. Called French @AppleSupport. They were so lost I decided to get another coffee ☕️. Help?
[AppleSupport]: We're happy to help. Just to make sure we understand, after trying all these steps, your Apple Watch still won't connect to Wi-Fi at all? What iPhone and iOS version do you have? DM us so we can gather additional information to assist you. [URL]",Sound & Bluetooth,ESCALATE,Audio hardware damage or lost accessory requiring physical replacement.
2949626,imessage can't be activated after sign out and sign in...,"[Customer]: imessage can't be activated after sign out and sign in...
[AppleSupport]: Let's see why you're having this issue with iMessage. Are you getting an error message when you try to sign in? Check out this link and see if these steps help you get that activated: [URL]
[Customer]: I've tried Turn off and restart iMessage and FaceTime. But it's still waiting for activation.",Apps & Storage,AUTO-HANDLE,Standard self-service troubleshooting and guidance provided publicly.
2484295,Thanks @AppleSupport for the new update. So glad I can’t connect to anything Bluetooth now!,"[Customer]: Thanks @AppleSupport for the new update. So glad I can’t connect to anything Bluetooth now!
[AppleSupport]: We can help with Bluetooth. What iOS version and device are you currently using?
[Customer]: 11.1.1",Sound & Bluetooth,ESCALATE,Troubleshooting could not be resolved publicly and required private DM assistance.
358919,So my @AppleSupport MacBook has restarted 5 times and won’t actually turn on.. I just get this screen then it goes black [URL],"[Customer]: So my @AppleSupport MacBook has restarted 5 times and won’t actually turn on.. I just get this screen then it goes black [URL]
[AppleSupport]: We can help! Send us a DM to get started. [URL]",Phone Performance,ESCALATE,"Severe system instability, persistent bootloop, or restore failure requiring advanced diagnostics."
2947032,"Hi, I can’t download new apps or update current ones after installing the latest update. Can you help, please? Apps are all stuck on loading/waiting and not downloading.","[Customer]: Hi, I can’t download new apps or update current ones after installing the latest update. Can you help, please? Apps are all stuck on loading/waiting and not downloading.
[AppleSupport]: We'll be more than happy to help look into this for you. What Apple device are you using so we can be sure we're providing the best steps?
[Customer]: Thank you, I’m using an iPhone 7 Plus.",Apps & Storage,ESCALATE,Troubleshooting could not be resolved publicly and required private DM assistance.
61066,can you tell me why it keeps coming up my storage is nearly full no matter HOW MUCH or WHAT I delete? ☹️,"[Customer]: can you tell me why it keeps coming up my storage is nearly full no matter HOW MUCH or WHAT I delete? ☹️
[AppleSupport]: We're here to help. Let's take this to DM so we can better assist you. [URL]",Apps & Storage,ESCALATE,Troubleshooting could not be resolved publicly and required private DM assistance.
1564047,Why is the letter “I” being replaced when used by itself with a capital A and a question mark?!?!?!? @AppleSupport,"[Customer]: Why is the letter “I” being replaced when used by itself with a capital A and a question mark?!?!?!? @AppleSupport
[AppleSupport]: Let's get that autocorrect issue resolved. Take these steps here: [URL] Did that help correct it?",Keyboard,AUTO-HANDLE,"Known iOS 11 keyboard autocorrect bug with an official, safe self-service Text Replacement workaround."
400928,the new update is draining my battery!!! What is going on??,"[Customer]: the new update is draining my battery!!! What is going on??
[AppleSupport]: We'd be happy to look into this with you. Please reach out to us via DM and we'll get started. [URL]",Battery,ESCALATE,Troubleshooting could not be resolved publicly and required private DM assistance.
1976015,"my iPhone 6 outside of the headphone jack got disformed, looks like an oval. Anyway to get this fixed?","[Customer]: my iPhone 6 outside of the headphone jack got disformed, looks like an oval. Anyway to get this fixed?
[AppleSupport]: We would need to have this serviced. DM us your location to get started. [URL]",Sound & Bluetooth,ESCALATE,Troubleshooting could not be resolved publicly and required private DM assistance.
1895409,All I want to do is sign into the @118721 store but it says my Apple ID hasn’t been used with the store before and won’t sign,"[Customer]: All I want to do is sign into the @118721 store but it says my Apple ID hasn’t been used with the store before and won’t sign
[AppleSupport]: Thanks for reaching out. Are you able to sign in to our website? [URL] Let us know via a DM. [URL]
[Customer]: Spoke on phone. Dealing with Apple ID is an extremely opaque and kafka-esque journey.",Apple ID,ESCALATE,Apple ID credential and account management involves private authentication requiring human/secure handling.
2002648,Yo @AppleSupport can’t even hold a 5 hr charge on iOS11 😡😡😡😡😡😡😡😡😡😡😡😡😡😡😡😡😡😡😡😡😡😡😡😡😡😡😡😡😡😡😡😡😡😡😡😡😡😡😡😡😡😡😡😡😡😡😡😡😡😡😡😡😡😡😡😡😡😡😡😡😡😡😡😡😡😡😡😡😡😡😡😡😡😡😡😡😡😡😡😡😡😡😡😡,"[Customer]: Yo @AppleSupport can’t even hold a 5 hr charge on iOS11 😡😡😡😡😡😡😡😡😡😡😡😡😡😡😡😡😡😡😡😡😡😡😡😡😡😡😡😡😡😡😡😡😡😡😡😡😡😡😡😡😡😡😡😡😡😡😡😡😡😡😡😡😡😡😡😡😡😡😡😡😡😡😡😡😡😡😡😡😡😡😡😡😡😡😡😡😡😡😡😡😡😡😡😡
[AppleSupport]: We'd be happy to look this over with you. Please meet us in DM so we may gather information, and better assist. [URL]",Battery,ESCALATE,Troubleshooting could not be resolved publicly and required private DM assistance.
2301965,Why Safari hangs every time while typing anything in search bar? Happening since 3-4 days. Totally frustrating.😡😡,"[Customer]: Why Safari hangs every time while typing anything in search bar? Happening since 3-4 days. Totally frustrating.😡😡
[AppleSupport]: We’d like to understand more about this. DM us some details, tell us which device you're using, and we’ll take it from there. [URL]",Apps & Storage,ESCALATE,Troubleshooting could not be resolved publicly and required private DM assistance.
1711357,iPhone 7 keeps freezing the apps keep crashing it’s been happening more frequently tonight I’ve updated the iOS 0 difference,"[Customer]: iPhone 7 keeps freezing the apps keep crashing it’s been happening more frequently tonight I’ve updated the iOS 0 difference
[AppleSupport]: We certainly want your device to be responsive. Do you have any apps pending update? [URL]
[Customer]: All currently up to date",Phone Performance,ESCALATE,Troubleshooting could not be resolved publicly and required private DM assistance.
830035,iOS 11.0.3 is the biggest load of shite ever. I thought my battery was bad beforehand. 😧 @AppleSupport,"[Customer]: iOS 11.0.3 is the biggest load of shite ever. I thought my battery was bad beforehand. 😧 @AppleSupport
[AppleSupport]: We're glad you took the time to reach out! We can help. Send us a DM and let us know which iPhone we're working with. [URL]",Battery,ESCALATE,Troubleshooting could not be resolved publicly and required private DM assistance.
2960107,"my dearest new iPhone 8 Plus keeps crashing, blacks out and restarts about 20 times a day. Even after it has gone through the service center. Just refuses to budge!","[Customer]: my dearest new iPhone 8 Plus keeps crashing, blacks out and restarts about 20 times a day. Even after it has gone through the service center. Just refuses to budge!
[AppleSupport]: Thanks for contacting us. We have received your DM's. We will work with you there.",Phone Performance,ESCALATE,Troubleshooting could not be resolved publicly and required private DM assistance.
987839,would be great if the iOS updates wouldn’t kill your battery life,"[Customer]: would be great if the iOS updates wouldn’t kill your battery life
[AppleSupport]: Send us a DM and let us know what version of iOS you're running. We'll be glad to help. [URL]",Battery,ESCALATE,Troubleshooting could not be resolved publicly and required private DM assistance.
2775995,So I figured out why my phone dies so quickly after ios 11 update! Look at the bar for brightness move on its own without me even touching it i put my phone down on my desk... @AppleSupport how can i turn that off its killing my phone. [URL],"[Customer]: So I figured out why my phone dies so quickly after ios 11 update! Look at the bar for brightness move on its own without me even touching it i put my phone down on my desk... @AppleSupport how can i turn that off its killing my phone. [URL]
[AppleSupport]: You can turn off Auto-Brightness in the Accessibility settings. To get there, select ""General"" in the Settings app, then ""Accessibility."" On the next page, tap on ""Display Accommodations, "" and you'll see the toggle for ""Auto-Brightness.
[Customer]: Thankyou its been killing my battery",Battery,AUTO-HANDLE,Informational inquiry on battery health settings and standard power-saving configuration.
557879,"videos in my camera roll show up blank and won't play, all my contacts got deleted, what are you doing to my phone","[Customer]: videos in my camera roll show up blank and won't play, all my contacts got deleted, what are you doing to my phone
[AppleSupport]: We're happy to look into issues you're experiencing with your videos and contacts. DM us your model iPhone, the iOS version installed and details regarding any error messages you're receiving. [URL]",Apps & Storage,ESCALATE,Troubleshooting could not be resolved publicly and required private DM assistance.
1850918,"One of my gaming apps is telling me I need to update it. When I go to App Store it only says “open app”, can’t update it.","[Customer]: One of my gaming apps is telling me I need to update it. When I go to App Store it only says “open app”, can’t update it.
[AppleSupport]: Let's look into this together. Which device are you experiencing this on, and which software version is it running?
[Customer]: I’m using an iPad. I’m on iOS 11.0.3",Apps & Storage,ESCALATE,Troubleshooting could not be resolved publicly and required private DM assistance.
541114,Woken up to both my iPhone 6Plus and 8 running OS11 restarting itself every 60sec. Forced reboot or remove SIM doesn't work - phones won't stay on long enough to unlock and access settings. Help?,"[Customer]: Woken up to both my iPhone 6Plus and 8 running OS11 restarting itself every 60sec. Forced reboot or remove SIM doesn't work - phones won't stay on long enough to unlock and access settings. Help?
[AppleSupport]: We'd be happy to look into this with you more in detail. Please reach out to us via DM and we'll get started. [URL]",Phone Performance,ESCALATE,Troubleshooting could not be resolved publicly and required private DM assistance.
1584572,When u literally delete every picture off ur phone and @115858 decides to still allow u to have no storage?! 😡😡 so annoyed right now,"[Customer]: When u literally delete every picture off ur phone and @115858 decides to still allow u to have no storage?! 😡😡 so annoyed right now
[AppleSupport]: We'll do everything we can to help you with your device. Here's a link to DM us. [URL]",Apps & Storage,ESCALATE,Troubleshooting could not be resolved publicly and required private DM assistance.
2345969,I forgot my password and I’m waiting for my new ID for over one week!!! I called many times but nothing!!! I’m very upset,"[Customer]: I forgot my password and I’m waiting for my new ID for over one week!!! I called many times but nothing!!! I’m very upset
[AppleSupport]: Thanks for reaching out. This article will show you how to check the status of your Account Recovery request: [URL]
[Customer]: Can u send me the link in French please??",Apple ID,ESCALATE,"Involves sensitive credentials, password reset, or account lockout requiring private identity verification."
1825412,how can I never sign into iCloud? I try to reset my password but still nothing works,"[Customer]: how can I never sign into iCloud? I try to reset my password but still nothing works
[AppleSupport]: Send us a DM and let us know what is going on when you try to sign in and we'll do everything we can to help. [URL]",Apple ID,ESCALATE,"Involves sensitive credentials, password reset, or account lockout requiring private identity verification."
2372169,Downloaded the new OS to my MacBook Air and now iCloud sign in doesn't work an either the MacBook Air or the Mac Desktop. Help?,"[Customer]: Downloaded the new OS to my MacBook Air and now iCloud sign in doesn't work an either the MacBook Air or the Mac Desktop. Help?
[AppleSupport]: Thanks for reaching out. May we ask when you updated the MacBook Air? Also, which macOS/OS X version is your other Mac using?
[Customer]: Updated today to 10.13.1 Desktop is using 10.12.2.",Apple ID,ESCALATE,Apple ID credential and account management involves private authentication requiring human/secure handling.
2347694,Anyone else’s iPhone 7 running like dog shit after #iOS 11.1.1 ? @AppleSupport,"[Customer]: Anyone else’s iPhone 7 running like dog shit after #iOS 11.1.1 ? @AppleSupport
[AppleSupport]: We're here for you! Send us a DM with the details of the issue you're experiencing, and we'll continue together there. [URL]",Phone Performance,ESCALATE,Troubleshooting could not be resolved publicly and required private DM assistance.
1075404,@115858 The ‚slide-up‘ shortcuts do not turn off my wifi & bluetooth anymore since the update #iphone6 #whywhywhy #w8stetime,"[Customer]: @115858 The ‚slide-up‘ shortcuts do not turn off my wifi & bluetooth anymore since the update #iphone6 #whywhywhy #w8stetime
[AppleSupport]: This article explains more about the changes to Bluetooth & Wi-Fi in iOS 11: [URL]",Sound & Bluetooth,AUTO-HANDLE,Audio/Bluetooth settings behavior or volume adjustment resolvable via standard configuration steps.
522118,Safari is repeatedly crashing on MacOS High Sierra. All security patches installed. (Most recent patch looks like it came through twice.) Is there a way to resolve this?,"[Customer]: Safari is repeatedly crashing on MacOS High Sierra. All security patches installed. (Most recent patch looks like it came through twice.) Is there a way to resolve this?
[AppleSupport]: Safari is important for any Mac and we'd like to help. What's your model and is macOS High Sierra 10.13.1 the version installed? As you already made sure to check for any updates in the App Store, have you tried any other steps since this started? DM us your answers [URL]",Apps & Storage,ESCALATE,Troubleshooting could not be resolved publicly and required private DM assistance.
2692852,@115858 yo my back camera fucked up I think y’all sent me a defective phone,"[Customer]: @115858 yo my back camera fucked up I think y’all sent me a defective phone
[AppleSupport]: We are here to help whenever possible. DM the specific issue you are seeing with your camera to get started. [URL]",Screen & Camera,ESCALATE,Troubleshooting could not be resolved publicly and required private DM assistance.
588114,Strange!! My phone having iOS 11.2 rebooting after every couple of minutes. Totally Unusable.,"[Customer]: Strange!! My phone having iOS 11.2 rebooting after every couple of minutes. Totally Unusable.
[AppleSupport]: We definitely want you to have a good experience after the update. We'll do everything we can to help. Does the Apple logo appear when the iPhone reboots or does it just go to the Home screen?",Phone Performance,AUTO-HANDLE,"General performance lag addressable with standard restart, cache clearing, and storage checks."
1202855,how do I stop the music player being on the home screen when on stand by - it keeps stoping the music when phones in my pocket,"[Customer]: how do I stop the music player being on the home screen when on stand by - it keeps stoping the music when phones in my pocket
[Customer]: I want to stop this happening [URL]
[AppleSupport]: We can definitely help out. To confirm, is the screen staying on and therefore being paused while in your pocket?",Apps & Storage,ESCALATE,Troubleshooting could not be resolved publicly and required private DM assistance.
2408612,I have an iPod that’s on disabled connect to iTunes mode and I can’t get the recovery mode to activate what should I do?,"[Customer]: I have an iPod that’s on disabled connect to iTunes mode and I can’t get the recovery mode to activate what should I do?
[Customer]: I’m going to try to see if I can get recovery mode to activate later tonight but what should I do if it doesn’t?
[AppleSupport]: We'll do everything we can to help get that iPhone restored. Recovery mode is totally going to be your next step. Reach out if you have any issues with that.",Apple ID,ESCALATE,"Involves sensitive credentials, password reset, or account lockout requiring private identity verification."
2572027,yoooo @115858 what’s this crap with the phones glitching twitching and acting very slow when I’m typing and etc ?!?!?! You gotta fix this asap no rocky,"[Customer]: yoooo @115858 what’s this crap with the phones glitching twitching and acting very slow when I’m typing and etc ?!?!?! You gotta fix this asap no rocky
[AppleSupport]: We want to be sure you get the most out of your iPhone's performance. We can help! Send us a DM and let us know which iOS you're running currently. We'll take it from there. [URL]",Phone Performance,ESCALATE,Troubleshooting could not be resolved publicly and required private DM assistance.
554747,"this is the worst bug ever, decided to not update before I go to bed cause I wanted to listen to some podcast (1 am still not affected), woke up to a respringing POS brick... if the charging damages my iPhone X will it be covered?","[Customer]: this is the worst bug ever, decided to not update before I go to bed cause I wanted to listen to some podcast (1 am still not affected), woke up to a respringing POS brick... if the charging damages my iPhone X will it be covered?
[AppleSupport]: Thanks for meeting us in Twitter for help on your device. Can you verify what version of iOS 11 you're currently running on your iPhone X so we may proceed?",Phone Performance,AUTO-HANDLE,"General performance lag addressable with standard restart, cache clearing, and storage checks."
2284493,@115858 stop turning my bluetooth on every time my phone restarts.,"[Customer]: @115858 stop turning my bluetooth on every time my phone restarts.
[AppleSupport]: With iOS 11, Bluetooth will turn on when you restart your iPhone. More information about this is here: [URL]
[Customer]: Thank you",Sound & Bluetooth,AUTO-HANDLE,Standard self-service troubleshooting and guidance provided publicly.
1376754,Is it only me or others are also facing #iPhone7 battery drain issue?? @AppleSupport @115858,"[Customer]: Is it only me or others are also facing #iPhone7 battery drain issue?? @AppleSupport @115858
[Customer]: @440497 @AppleSupport @115858 Signs to upgrade.
[AppleSupport]: We'd like to help. What iOS are you using? Settings > General > About.",Battery,ESCALATE,Troubleshooting could not be resolved publicly and required private DM assistance.
680551,@115858 what on earth is going on with the new IOS update? iPhone 7+ battery now disappears twice as fast! Really not clever.,"[Customer]: @115858 what on earth is going on with the new IOS update? iPhone 7+ battery now disappears twice as fast! Really not clever.
[AppleSupport]: We can help with battery life. Could you Direct Message us so we can get more information?",Battery,ESCALATE,Troubleshooting could not be resolved publicly and required private DM assistance.
1674802,When is @115858 gonna fix the “I️” problem,"[Customer]: When is @115858 gonna fix the “I️” problem
[AppleSupport]: Here’s what you can do to work around the issue until it’s fixed in a future software update: [URL]",Keyboard,AUTO-HANDLE,Standard self-service troubleshooting and guidance provided publicly.
2450947,having problems with iphone switching off and the lock screen freezing and going blank and now it’s got worse since the update,"[Customer]: having problems with iphone switching off and the lock screen freezing and going blank and now it’s got worse since the update
[AppleSupport]: We want to help. Reach out via DM using the link below. [URL]",Phone Performance,ESCALATE,Troubleshooting could not be resolved publicly and required private DM assistance.
593529,Why my phone keep rebooting after this update?,"[Customer]: Why my phone keep rebooting after this update?
[AppleSupport]: You're in the right place for help. We certainly want you to enjoy the iPhone and for it work as expected. When the iPhone is rebooting, is it happening when not in use or does it happen when using specific applications?",Phone Performance,AUTO-HANDLE,"General performance lag addressable with standard restart, cache clearing, and storage checks."
2193487,"@115858 recently updated my software n it’s messed my phone up can’t skip songs on Spotify or answer calls using my headphones plus various other problems, what’s happening #samsungmaybe👍🏻","[Customer]: @115858 recently updated my software n it’s messed my phone up can’t skip songs on Spotify or answer calls using my headphones plus various other problems, what’s happening #samsungmaybe👍🏻
[AppleSupport]: We're happy to help with any issues you're having. We've just released an update to iOS 11.1.1. If you haven't, lets backup then install the update: [URL] Check out the issues after updating and let us know in DM the results. We're here for you! [URL]",Sound & Bluetooth,ESCALATE,Troubleshooting could not be resolved publicly and required private DM assistance.
450403,"Hey @AppleSupport, I can't get the ""Add Image to Photos"" option in the right click menu to work in Safari on 10.13.1 anymore... This just started a couple days ago. Suspect a bug in Safari, but not sure. What do you suggest?","[Customer]: Hey @AppleSupport, I can't get the ""Add Image to Photos"" option in the right click menu to work in Safari on 10.13.1 anymore... This just started a couple days ago. Suspect a bug in Safari, but not sure. What do you suggest?
[AppleSupport]: We’d like to figure out why this is happening too. Do you see the option to download the images from Safari? Do you have any options to save or share the photo?
[Customer]: Yes, the option is still there. When I click it, nothing happens, whereas before it would import the photo into the Photos app just as it normally would.",Apps & Storage,AUTO-HANDLE,Standard self-service troubleshooting and guidance provided publicly.
2573960,why can’t I access any of my photos on my phone - telling me I can’t download them from iCloud Photo Library??,"[Customer]: why can’t I access any of my photos on my phone - telling me I can’t download them from iCloud Photo Library??
[AppleSupport]: That's not okay. Your photos are important to us and our Photos team wants to help. Reach out here. [URL]",Apps & Storage,AUTO-HANDLE,Standard self-service troubleshooting and guidance provided publicly.
1947285,"fully charge iPod, remove from power source and the battery drops. iPod then just does this. [URL]","[Customer]: fully charge iPod, remove from power source and the battery drops. iPod then just does this. [URL]
[AppleSupport]: We'll be happy to look into this with you so you can get back to enjoying your iPod. DM us the iOS version installed here: [URL]",Battery,ESCALATE,Troubleshooting could not be resolved publicly and required private DM assistance.
2729122,I thought High Sierra’s has increased performance @AppleSupport ? It’s slower even on the simplest of tasks like screen grabs! Used to be instant before. Now have to wait about 2 minutes for it to appear on desktop. #design #graphicdesign,"[Customer]: I thought High Sierra’s has increased performance @AppleSupport ? It’s slower even on the simplest of tasks like screen grabs! Used to be instant before. Now have to wait about 2 minutes for it to appear on desktop. #design #graphicdesign
[AppleSupport]: Hey, we'd like to take a closer look into this to make sure everything is running as it should. Send us a DM and we'll go from there. [URL]",Phone Performance,ESCALATE,Troubleshooting could not be resolved publicly and required private DM assistance.
1442834,"Updated my phone to latest IOS, worst mistake I’ve made to date. phone running super slow & keeps crashing. #Avoid #Worst @AppleSupport","[Customer]: Updated my phone to latest IOS, worst mistake I’ve made to date. phone running super slow & keeps crashing. #Avoid #Worst @AppleSupport
[AppleSupport]: That's not what we want you to experience. Does this happen with all apps or just one specifically?
[Customer]: It’s been happening with all apps. Phone will just freeze for a good few minutes. Very annoying 😕",Phone Performance,ESCALATE,Troubleshooting could not be resolved publicly and required private DM assistance.
1162005,"So basically the new annoyance w/ @115858 is instead of us being mad about the autocorrect of Ducking, we are super mad with I being I️ #ugh","[Customer]: So basically the new annoyance w/ @115858 is instead of us being mad about the autocorrect of Ducking, we are super mad with I being I️ #ugh
[AppleSupport]: Here’s what you can do to work around the issue until it’s fixed in a future software update: [URL]",Keyboard,AUTO-HANDLE,"Known iOS 11 keyboard autocorrect bug with an official, safe self-service Text Replacement workaround."
1646330,Mr. Robot is not working on Apple TV ITunes,"[Customer]: Mr. Robot is not working on Apple TV ITunes
[AppleSupport]: Thanks for reaching out. We'd like to get you in the right direction, for help with Apple TV reach out to our team here: [URL]
[Customer]: Your site is broken",Apps & Storage,AUTO-HANDLE,Standard self-service troubleshooting and guidance provided publicly.
1148831,Getting this each time I enter my pin. Help? There is no way to get to the next screen either. [URL],"[Customer]: Getting this each time I enter my pin. Help? There is no way to get to the next screen either. [URL]
[AppleSupport]: We're happy to help you activate your new iPhone. Are you able to try while connected to Wi-Fi?
[Customer]: Not trying to activate, but “get ready” for iPhone X through the upgrade program. I’ve tried on and off WiFi.",Apple ID,ESCALATE,"Involves sensitive credentials, password reset, or account lockout requiring private identity verification."
798827,"Wow @115858, your own app won’t open due to “security.” An audio file created on the iPhone in the Voice Recorder app playing in Quicktime. [URL]","[Customer]: Wow @115858, your own app won’t open due to “security.” An audio file created on the iPhone in the Voice Recorder app playing in Quicktime. [URL]
[AppleSupport]: Thanks for reaching out! We can certainly help you. Which macOS are you running currently? [URL]
[Customer]: The newest. High Sierra.",Sound & Bluetooth,ESCALATE,Troubleshooting could not be resolved publicly and required private DM assistance.
1142068,Get your shit together @115858 stop putting the media player up on the lock screen when music ISNT PLAYING. I DONT EVEN HAVE AN APP OPEN.,"[Customer]: Get your shit together @115858 stop putting the media player up on the lock screen when music ISNT PLAYING. I DONT EVEN HAVE AN APP OPEN.
[Customer]: @115858 This shit is so annoying I don’t even use Apple Music [URL]
[AppleSupport]: We want to help. Does this appear when other notifications play, or at other times? Let us know in DM. [URL]",Other,ESCALATE,Troubleshooting could not be resolved publicly and required private DM assistance.
236392,@115858 update keeps turning on my Bluetooth—why???,"[Customer]: @115858 update keeps turning on my Bluetooth—why???
[AppleSupport]: We have a great resource that helps explain why. Take a look here: [URL]
[Customer]: Thx but was more of a “why does Bluetooth turn itself back on when you change locations or because it’s 5 am?” than “how does this work?”",Sound & Bluetooth,AUTO-HANDLE,Audio/Bluetooth settings behavior or volume adjustment resolvable via standard configuration steps.
1019374,Please sort out the App Store!! I need to download the x factor app so I can vote and it’s not working!! @AppleSupport,"[Customer]: Please sort out the App Store!! I need to download the x factor app so I can vote and it’s not working!! @AppleSupport
[AppleSupport]: We'd love to help you get your vote in. Do you get an error or alert when downloading?
[Customer]: Nothing comes up, it just does the spinning loading sign when I click install, I’m not able to download anything on the App Store",Apps & Storage,ESCALATE,Troubleshooting could not be resolved publicly and required private DM assistance.
2570941,"@115858 baby, what are you doing with these software updates? #ios1103 fried my rear camera and flashlight, and my battery life is trash 👎","[Customer]: @115858 baby, what are you doing with these software updates? #ios1103 fried my rear camera and flashlight, and my battery life is trash 👎
[AppleSupport]: We'd like to get your device working right again. Which model do you have and is iOS 11.0.3 the version installed? Any steps tried?",Screen & Camera,AUTO-HANDLE,Camera/display feature or settings configuration resolvable via standard self-service steps.
848283,"Dear @AppleSupport, ever since I upgraded to #ios11 my battery drains overly quickly. Please sort this bug out asap. Many thanks","[Customer]: Dear @AppleSupport, ever since I upgraded to #ios11 my battery drains overly quickly. Please sort this bug out asap. Many thanks
[AppleSupport]: We'd like to look into this battery drain issue with you. DM us using the link below. [URL]",Battery,ESCALATE,Troubleshooting could not be resolved publicly and required private DM assistance.
2506762,"how do I turn off this auto brightness stuff with iOS 11, it’s getting really annoying constantly adjusting it.","[Customer]: how do I turn off this auto brightness stuff with iOS 11, it’s getting really annoying constantly adjusting it.
[AppleSupport]: Great question. You can turn this off in Settings > General > Accessibility > Display Accommodations. Check out this link for more information on brightness settings: [URL]
[Customer]: Guess I didn’t look hard enough for it. Thanks",Screen & Camera,AUTO-HANDLE,Camera/display feature or settings configuration resolvable via standard self-service steps.
716614,"Help new #ios makes my iPhone 6 stuck, slow and no working properly at all. Why oh why @115858!!!!","[Customer]: Help new #ios makes my iPhone 6 stuck, slow and no working properly at all. Why oh why @115858!!!!
[AppleSupport]: We want to look into this. Can you tell us which iOS 11 version you're on? Settings > General > About will tell you.
[Customer]: 11.0.2 (15A421)",Phone Performance,ESCALATE,Troubleshooting could not be resolved publicly and required private DM assistance.
1398118,"any ideas what's wrong with my screen, folks? Showing green and purple.Happened randomly, no shock/heat/water exposure. [URL]","[Customer]: any ideas what's wrong with my screen, folks? Showing green and purple.Happened randomly, no shock/heat/water exposure. [URL]
[AppleSupport]: Send us a DM and we'll take a closer look at this with you. [URL]",Screen & Camera,ESCALATE,Physical hardware damage or component failure requiring hands-on inspection or hardware repair.
1983490,"Is it me, or since I updated my @115858 iPhone and iPad OS the battery juice is running down a lot faster.... ??","[Customer]: Is it me, or since I updated my @115858 iPhone and iPad OS the battery juice is running down a lot faster.... ??
[AppleSupport]: We want to help you get the most battery life from your iPad. Check out [URL] for tips to accomplish that.
[Customer]: Thanks for the response! Hoping an OS update to solve battery draining issue will be forthcoming soon!",Battery,ESCALATE,Troubleshooting could not be resolved publicly and required private DM assistance.
2615338,"I can’t download (apps)on my iPhone coz of billing problems,I’am so upset that I can’t watch bts!i was charged unauthorized [URL]","[Customer]: I can’t download (apps)on my iPhone coz of billing problems,I’am so upset that I can’t watch bts!i was charged unauthorized [URL]
[AppleSupport]: We'd recommending reaching out by telephone since you reached out previosuly by chat. The iTunes team will be best suited to help look into this with you here: [URL]
[Customer]: I’ve tried calling and no one ever answers the phone! I’ve let it ring it for 6x each time I called back every min",Apple ID,ESCALATE,"Involves sensitive financial transactions, billing disputes, or payment details requiring human account review."
174936,I don’t want to use your iCloud. I do I make it so you can’t keep reminding me to sign in. If it keeps happening I’ll just switch companies [URL],"[Customer]: I don’t want to use your iCloud. I do I make it so you can’t keep reminding me to sign in. If it keeps happening I’ll just switch companies [URL]
[AppleSupport]: We'd like to help sort this out. Can you confirm that no part of iCloud is signed in to the device? This prompt appears after terms and conditions change with existing accounts.
[Customer]: Never mind I found the setting. I had one of my emails attempting to login so I deleted it. No the Cloud People can’t get their hands on my secret plans to over throw the Lizard people. Children in the village will sing tale of this day. Thank you",Apple ID,ESCALATE,Apple ID credential and account management involves private authentication requiring human/secure handling.
2237383,"Today i got asked for my apple id password, i filled in the right one, then i had to change it WHY?","[Customer]: Today i got asked for my apple id password, i filled in the right one, then i had to change it WHY?
[AppleSupport]: We'd like to hear more about this. Did you receive a prompt on your Home Screen to enter your credentials, or were you asked somewhere else for your credentials?
[Customer]: Yeah i got a request at my home screen and get into the settings, but now ireseted my password and now all is working well",Apple ID,ESCALATE,"Involves sensitive credentials, password reset, or account lockout requiring private identity verification."
2029718,HEY @AppleSupport WHY CAN I️ USE THE LETTER I️?!?!?!?! WHY DOES THIS WEIRD SYMBOL POP UP 😡,"[Customer]: HEY @AppleSupport WHY CAN I️ USE THE LETTER I️?!?!?!?! WHY DOES THIS WEIRD SYMBOL POP UP 😡
[AppleSupport]: Here’s what you can do to work around the issue until it’s fixed in a future software update: [URL] [URL]
[Customer]: @600210 Wow, timely service on social media. That's great! Glad they fixed you up Ayreis! Must be the all caps worked.",Keyboard,AUTO-HANDLE,"Known iOS 11 keyboard autocorrect bug with an official, safe self-service Text Replacement workaround."
1936730,"Ios 11 software included many errors. Now with 11.0.3, whatsapp messages has not received. @115858","[Customer]: Ios 11 software included many errors. Now with 11.0.3, whatsapp messages has not received. @115858
[AppleSupport]: We'd love to work more with you on this. Meet up with us in DM with more details to get started. [URL]",Apps & Storage,ESCALATE,Troubleshooting could not be resolved publicly and required private DM assistance.
592243,I have problem with the iCloud that didn’t pass all the contact to an iPhone X. Do you have any solution?,"[Customer]: I have problem with the iCloud that didn’t pass all the contact to an iPhone X. Do you have any solution?
[AppleSupport]: Let's take a look together! To start, can you DM us more information about what occurred? Also, is this occurring on multiple devices or just the iPhone X? [URL]",Apple ID,ESCALATE,Apple ID credential and account management involves private authentication requiring human/secure handling.
2440882,"iMessage on two Macs, both running Sierra. One correctly identifies the name of contacts through the address book. The other only displays the name if the number begins with +447 … Locale set correctly. Signed in and out of iCloud. This is so frustrating. @AppleSupport","[Customer]: iMessage on two Macs, both running Sierra. One correctly identifies the name of contacts through the address book. The other only displays the name if the number begins with +447 … Locale set correctly. Signed in and out of iCloud. This is so frustrating. @AppleSupport
[Customer]: @700031 @AppleSupport I have the same issue between my phone contact book and my Mac contact book. Apple really is a bit shit at the moment.
[AppleSupport]: We're here for you. Send us a DM, and we'll take a closer look at your contacts together. [URL]",Apps & Storage,ESCALATE,Troubleshooting could not be resolved publicly and required private DM assistance.
2595487,The new iPhone update is making the Bluetooth in my car glitch. @115858 gimme my coins,"[Customer]: The new iPhone update is making the Bluetooth in my car glitch. @115858 gimme my coins
[AppleSupport]: Thanks for reaching out to us for support. We would love to help you. Please DM us so that we can look into this together. [URL]",Sound & Bluetooth,ESCALATE,Troubleshooting could not be resolved publicly and required private DM assistance.
271878,@115858 My battery life is draining after the 11 update. Any fixes for that?,"[Customer]: @115858 My battery life is draining after the 11 update. Any fixes for that?
[AppleSupport]: Hey, we can take a closer look into the battery life. Send us a DM and we'll work together from there. [URL]
[Customer]: I think i I fixed it. One app was on refresh loop in the background. I uninstalled/reinstalled it. Battery seems fine now!!",Battery,ESCALATE,Troubleshooting could not be resolved publicly and required private DM assistance.
1882488,My iphone7s microphone doesn’t work. when i make calls or video calls no one can hear me. i’ve tried everything.,"[Customer]: My iphone7s microphone doesn’t work. when i make calls or video calls no one can hear me. i’ve tried everything.
[Customer]: don’t send me one of those article things. it doesn’t work. i use my PHONE to CALL. ? and now calling doesn’t work bc of ios11...wow.
[AppleSupport]: No worries about the article, we can go over all the steps together and get your mic working again. Please DM us. [URL]",Sound & Bluetooth,ESCALATE,Troubleshooting could not be resolved publicly and required private DM assistance.
2050211,"@115858 last update doesnt work. Didnt experience any crackling sound, but now I do. #apple #iPhone6 #iOS11.0.2","[Customer]: @115858 last update doesnt work. Didnt experience any crackling sound, but now I do. #apple #iPhone6 #iOS11.0.2
[Customer]: @115858 Cracks are gone, but iPhone still crashes frequently. #iPhoneUpdate #ios1102
[AppleSupport]: We'd like to see how we can help with this. To get started, send us a DM with more information. We'll go from there. [URL]",Sound & Bluetooth,ESCALATE,Troubleshooting could not be resolved publicly and required private DM assistance.
2734107,"My battery is draining very fast on my iPhone 6... just getting 2-2.5 hours of screen on time,,, this is not accepted🤦🏻‍♂️🤷🏻‍♂️","[Customer]: My battery is draining very fast on my iPhone 6... just getting 2-2.5 hours of screen on time,,, this is not accepted🤦🏻‍♂️🤷🏻‍♂️
[AppleSupport]: We know battery life is important and we'll do everything we can to help. Take a look at this article which has some tips to maximize battery life by adjusting some settings and let us know how it goes: [URL]
[Customer]: I have used all of there remedies very before... I think it is a problem with iOS 11 because on iOS 10 I was getting about 4.5-5 hours of screen on time my iPhone lasted all the day... now I need to charge me iPhone twice to be on charge all day. Frustrating 🤯",Battery,ESCALATE,Troubleshooting could not be resolved publicly and required private DM assistance.
1781114,My iPhone won’t back up & states I don’t have enough storage? I have deleted everything from the cloud. @115858 fix this I’m tired,"[Customer]: My iPhone won’t back up & states I don’t have enough storage? I have deleted everything from the cloud. @115858 fix this I’m tired
[AppleSupport]: Let's take a closer look at your storage together. DM us with details, and we'll see how we can help. [URL]",Apps & Storage,ESCALATE,Troubleshooting could not be resolved publicly and required private DM assistance.
1795851,"reset my Apple Watch and it updated but won't pair to my phone, it's stuck on the software up to date and no way to continue @AppleSupport","[Customer]: reset my Apple Watch and it updated but won't pair to my phone, it's stuck on the software up to date and no way to continue @AppleSupport
[AppleSupport]: We want to help. It looks like you may have done a restart. DM us if that helped and we'll continue support there. [URL]",Sound & Bluetooth,ESCALATE,Troubleshooting could not be resolved publicly and required private DM assistance.
1138016,@118721 @AppleSupport @115858 Can someone please tell me. Why i got charged for 1600 for itunes,"[Customer]: @118721 @AppleSupport @115858 Can someone please tell me. Why i got charged for 1600 for itunes
[AppleSupport]: We'd love to look into this with you. To get started, reach out to our iTunes Support team: [URL]",Apple ID,ESCALATE,"Involves sensitive financial transactions, billing disputes, or payment details requiring human account review."
2293093,what is with this freaking keyboard in recent update. I’m so sick of correcting numbers sneaking into my words I’m now willing to look at other products,"[Customer]: what is with this freaking keyboard in recent update. I’m so sick of correcting numbers sneaking into my words I’m now willing to look at other products
[AppleSupport]: We want to help. Let's continue in DM. [URL]
[Customer]: God I’ve been tweeting constantly as have others. I can DM but it’s just a shitty design for your new keyboard. I type letters as a,ways and the stupid numbers appear instead.",Keyboard,ESCALATE,Troubleshooting could not be resolved publicly and required private DM assistance.
1559956,"@116333 hi,I am Apple user since 2007. Yesterday morning I got defected screen on iPhone X from Etisalat UAE at the Dubai Mall.","[Customer]: @116333 hi,I am Apple user since 2007. Yesterday morning I got defected screen on iPhone X from Etisalat UAE at the Dubai Mall.
[AppleSupport]: Go ahead and send us a DM with more information so we can look into this. [URL]",Screen & Camera,ESCALATE,Troubleshooting could not be resolved publicly and required private DM assistance.
2977685,SUPPORT ME!!! WHY DID MY BACK CAMERA DECIDE TO BREAK AND TURN MY SCREEN BLACK WHEN TRYING TO TAKE A PICTURE MID USE???????!!,"[Customer]: SUPPORT ME!!! WHY DID MY BACK CAMERA DECIDE TO BREAK AND TURN MY SCREEN BLACK WHEN TRYING TO TAKE A PICTURE MID USE???????!!
[AppleSupport]: We'd love to help. Is the rear camera physically broken or is it just no longer working properly? DM the answer below. [URL]",Screen & Camera,ESCALATE,Physical hardware damage or component failure requiring hands-on inspection or hardware repair.
2031239,My @115858 laptop won't let me access the @65062 webiste. Anyone else having this issue? Says it's not secure. I just want to renew,"[Customer]: My @115858 laptop won't let me access the @65062 webiste. Anyone else having this issue? Says it's not secure. I just want to renew
[AppleSupport]: Thanks for reaching out! Check here for more information if Safari can't establish a secure connection: [URL]",Apps & Storage,AUTO-HANDLE,Standard self-service troubleshooting and guidance provided publicly.
990420,there is a bug in iOS 11 when we take person on con call screen gets stuck #Iphone6 @115858,"[Customer]: there is a bug in iOS 11 when we take person on con call screen gets stuck #Iphone6 @115858
[AppleSupport]: We'll work to get this resolved & back to enjoying your device. Which version of iOS 11 is currently installed on your iPhone?
[Customer]: @115858 11.0.3",Phone Performance,AUTO-HANDLE,"General performance lag addressable with standard restart, cache clearing, and storage checks."
1395690,Yo @115858 used your headphone transfer cable twice and it’s already broken...#bringbacktheheadphonejack,"[Customer]: Yo @115858 used your headphone transfer cable twice and it’s already broken...#bringbacktheheadphonejack
[AppleSupport]: We want to help. Reach out to us in a DM and we will continue there. [URL]",Sound & Bluetooth,ESCALATE,Physical hardware damage or component failure requiring hands-on inspection or hardware repair.
2890643,"Iphone 6 user who recently updated software to 11.1.2. Troubled by unexpected freezing of phone, blank screen and unresponsivness of applications.","[Customer]: Iphone 6 user who recently updated software to 11.1.2. Troubled by unexpected freezing of phone, blank screen and unresponsivness of applications.
[AppleSupport]: We're here for you! Send us a DM, and we'll take a closer look at your iPhone together. [URL]",Phone Performance,ESCALATE,Troubleshooting could not be resolved publicly and required private DM assistance.
1339696,after recent update my volume up button doesn’t work,"[Customer]: after recent update my volume up button doesn’t work
[AppleSupport]: We know how important adjusting the volume is. We'll be happy to see how we can help. Which device and iOS version are you on?
[Customer]: I am using MacBook air and I run the latest version of ios",Sound & Bluetooth,AUTO-HANDLE,Audio/Bluetooth settings behavior or volume adjustment resolvable via standard configuration steps.
