conversation_id,customer_message,intent
414037,@115858 @AppleSupport your iOS 11.0.2. Update won’t allow iPhone users to login to App Store #iOS11 #ios11update #iosproblems [URL],Apps & Storage
1918492,my apple music is not working. It is asking my to subscribe even though i am already a member. And yes you have taken my £££,Apps & Storage
2774408,Hiya! My keyboard is wireless and I can't launch the recovery assistant when restarting my Mac Mini. Is there any way I can do it without pressing command+R on the loading screen?,Keyboard
1145077,.@AppleSupport 11.0.3?! Battery’s at 25% before lunch. My 5S randomly quits at any point below 35% as it is. Never getting Apple again.,Battery
506562,"My battery is at 54% noooooooooooooo , I just charged it wtf @115858 [URL]",Battery
1415605,Can y’all fix y’all keyboard problem please it’s pissing me off,Keyboard
1030449,"Dear @115858, why is my phone battery dying so damn fast ever since these last few updates?",Battery
2508165,@115858 Why does my headphone adapter break every 3 months. I’ve spent almost £40 on new ones in the year I’ve had this phone 😊,Sound & Bluetooth
2955453,can I add company name to my billing address for my personal Apple ID? Sometimes I buy software that I use at my company (self-employed). Would love to get VAT invoices for those particular orders (like recent @815844 Pro purchase). 😀,Apple ID
659464,"@115858 you suck! With the latest iOS, battery drains at least 40% faster. #apple",Battery
2129161,which iOS version will be fixing this notifications bug and 3d touch switching between apps ? [URL],Screen & Camera
2105275,losong battery at a very high rate. Lost over 15% in less than 10 mins. #smdh #fixthis #ios11sucks,Battery
162781,"Yet again, I've had to stop work because my Macbook Pro has quietly stopped charging despite being plugged in. No low power prompts or power-saving seem to kick in. Seriously @115858, we're talking about a laptop charing a battery, how can it be so aggrevating? [URL]",Battery
741643,I am not able to download any this fro app store. Why?,Apps & Storage
2031712,Bro my phone was not acting up with the letter i until today wtf @AppleSupport,Keyboard
1967773,system Apps freezing unexpectedly and Touch Screen stops working,Screen & Camera
429581,#iOS11 is draining battery. #iphone5s @115858 @AppleSupport,Battery
2281735,My background refresh is off and yet something is constantly running in the background and draining my battery. Worst update yet @115858! #iOS11probs,Battery
880064,phone keeps crashing & very poor battery life after the most recent update on iphone6......Why is this happening? #unreliable,Battery
1508739,@115858 y’all need to fix this keyboard Bc eye’m getting really annoyed. Eye can’t use the letter after h in the alphabet..fix it. please,Keyboard
2402172,HELP omg my bf restarted his phone so it would delete and restart everything cause it was acting funny and it wants us to put in his iCloud but he doesn't remember the email or password. How is this considered a reset 😡 what do we do !!!!!!!!!!!!!!!!!!!,Apple ID
1861583,@115858 what should I do now that your shitty headphones broke in my phone ? [URL],Sound & Bluetooth
408855,This update has ruined my fucking battery. @115858 do something !,Battery
773865,I thought iphone 7s were water resistant 🤔 i took it into the shower for 4 seconds and now my speakers don’t work :/ @115858 I hate y’all,Sound & Bluetooth
1743581,Anyone else find that when you type the letter “I” it autocorrects to the letter “A” with a symbol? @115858 @AppleSupport fix it,Keyboard
2005255,Is anyone else’s iPhone changing “i” to I️ ???,Keyboard
2775928,I'm very dissapointed with the help I got today to log into my Apple ID after I told the guy that the trusted number on the account is wrong and since the day I joined Apple I have only had one phone number . Its my own account and I would like it to be fixed please,Apple ID
2485807,"what's wrong with you @AppleSupport? since monday, the delivery status has been shipped, but this is only a synonym ... our system has created the shipping information, but no package exists and was sent out",Other
2013659,I️ can type the letter I in certain words but not by itself @AppleSupport get it together.,Keyboard
1146719,my phone keeps crashing .,Phone Performance
2077345,@115858 Your headphones are a piece of shit and break every 5 seconds. Thanks for nothing,Sound & Bluetooth
1014321,My iPhone doesn’t have an App Store. I don’t understand what is happening.,Apps & Storage
1356390,". @115858 online chat not working, call in and it hangs up on you. I want to fix the incorrect shipping address! You're killing me smalls.",Other
738929,I just lost all of my icloud information because my phone number was different than when I first started the account thanks @AppleSupport,Apple ID
2747340,"when i am updating large number of apps at the same time, app store shows still-loading apps under Recently Updated tab. Why?!",Apps & Storage
1558810,Why do i see the little question mark box still @115858 fix this,Keyboard
1009054,Hello @AppleSupport my podcast directory keeps crashing. Why? Worked perfectly well before #iOS11,Apps & Storage
2005614,why is my I on my keyboard not working it looks like this > I️,Keyboard
1903571,Any one else having issues with #iPhone8Plus pairing with Bluetooth? @115858 @AppleSupport,Sound & Bluetooth
1914274,"@115858 @AppleSupport,why lock my account because u want me to reset my password then not let me “it’s to weak” I don’t want a long stupid 1",Apple ID
312602,Hey @115858 this update won’t let me control Bluetooth sound in my car? Am I supposed to reach all the way to the dash?,Sound & Bluetooth
617115,@118845 I've had my beats powerbeats 3 for a year and a day before my wzrenty was up they broke help me out,Sound & Bluetooth
2179527,@115858 @AppleSupport help me fix my back camera 😭😭😭😭😭#iOSProblem [URL],Screen & Camera
50028,every time i️ type the letter “i️”in most apps it substitutes with symbols i️,Keyboard
648533,attempted to download BT sports app last night but couldn't log in using my Apple ID. Was told some one would ring me within 24 hours to sort the situation. It now says the app won't be available for 13 days???,Apple ID
1676815,Hey @AppleSupport I used to be able to use my UK card on Apple Pay with my French iCloud account. iOS 11 is not letting me do that now :(,Apple ID
1153411,"seit dem Update auf iOS11 sind alle meine Käufe nichtig. Laut App Store muss ich für jede gekaufte App, erneut bezahlen? Help",Apps & Storage
2299165,"Dears, I have an issue with my iphone everytime i unplug my airpods i have to pair them again and again it keeps asking me to pair them with my device. Could you help please? [URL]",Sound & Bluetooth
1761215,Come on Tim Cook @115858 you made the letter ‘I’ an emoji??? Tf wrong wit you.,Keyboard
587003,"Family Sharing not working. @115858 says talk to the dev. @27400 (dev) says talk to Apple. Personally, I think the App Store is Apple’s problem.",Apps & Storage
1058147,@115858 @AppleSupport please do something about your recent phone update as it’s made my phone slow & don’t tell me to buy a new one thanks,Phone Performance
2427275,@115858 will you be fixing this annoying issue with the keyboard and the letter “I”,Keyboard
2021812,Why the HELL does @115858 keep changing i to I️?????? 😡 making me real angry over here!,Keyboard
346989,Trying to create my son an Apple ID for his new iPhone and the Apple website isn’t working 😒 really apple @AppleSupport,Apple ID
2185466,why is this “A followed by a little box w a ?” Coming up on autocorrect???,Keyboard
1644540,Why is the keyboard fucked up??? @115858,Keyboard
1863074,ever since after the upgrade to iOS 11.0.3 the battery drain faster and need to charge 3 to 4 times a day. Please fix issues,Battery
752441,Does @115858 repair beats?,Sound & Bluetooth
1981673,@115858 WTF IS GOOD WITH THIS VOODOO HIEROGLYPHIC AUTOCORRECT???? I️ JUST WANNA TYPE THE LETTER ‘i’ [URL],Keyboard
1753203,updated to the new iOS & the battery life of my phone has become just unbearably terrible. Is there anything that can be done?,Battery
1144229,@115858 battery draining faster than before after .3 update . It’s totally disaster,Battery
1657752,@115858 PLEASE FIX THE LETTER I️☺️☺️☺️☺️☺️☺️☺️☺️☺️☺️☺️☺️☺️☺️☺️☺️ PLEASE AND THANK YOU ... god bless,Keyboard
1445547,I updated my phone and still seeing question mark boxes wtf @115858,Keyboard
97031,"Is it just me or is the @115858 app store a piece of shit? I rarely use it, but everytime I need to, it's always the biggest pain in the ass!",Apps & Storage
391236,iCloud 2FA displays the code on the same device as I’m trying to log in with. Is this normal?,Apple ID
1230332,I am having trouble my iTunes!,Apps & Storage
2753710,".@AppleSupport your iPad Air 2 has systemic issue going blank/black screen/no power (google/YouTube it) & all store can tell me is: you don’t have damage, but we can’t fix, so buy a new one? Srsly?",Screen & Camera
2144591,"The @115858 iPod touch has a serious problem (one of many) where the volume goes to 100% when you put the headphones in, and I blast my freakin' ears out. It ruins my day real fast.",Sound & Bluetooth
105402,Yo @AppleSupport - my wifes iPhone 6s drops from 80% battery to 20% in seconds. 5 minutes later it'll be at 5%. You plug it back in and it'll immediately jump back up to 75%. What's up with that?,Battery
2412521,Hey @AppleSupport the letter I issue got fixed on phones but it’s still not right on iMessage for Mac...,Keyboard
785769,Argh! Just put my phone on to charge and came back to at a cracked screen :/ #iPhone,Screen & Camera
1956362,Anyone having respringing issues on iOS 11? iPhone 8 +. Happens at least once a day. @AppleSupport,Phone Performance
2562305,my phone is up to date and never been damaged. can u stop randomly restarting it plz @AppleSupport,Phone Performance
1530001,my iTunes Player on my phone won’t get off shuffle,Apps & Storage
2633110,"I am experiencing massive #Bluetooth issues with my #iPhoneX. Dropouts with Bluetooth headphones, even #AirPods, spotty connection to Apple Watch Series 3. Highly aggravating. 😔 Any hints what I could do?",Sound & Bluetooth
2520802,can we do a battery test on my iPhone 7? I am having some issues.,Battery
464733,"@115858 everyday when I use my camera after charging overnight the default settings are adjusted and I have to turn off live, auto flash and HDR. 🤔It’s the little annoying things.. 🙁",Screen & Camera
2845706,"The numbers on my keyboard don't work, but everything else seems fine on my MacBook Air. Is there an easy fix for this? HELP!",Keyboard
1789699,@115858 explain why this happens when I switch between 2 different apple earphones! why does one go louder than the other one? #EXPOSED [URL],Sound & Bluetooth
2472935,when I try to remove my credit card off my iTunes account it doesn't let me save the changes it says an unknown error has occurred; I would like to remove my credit card please!,Apps & Storage
430129,I hate that i cant see the battery life of my headphones on IOS 11 @115858 @AppleSupport,Sound & Bluetooth
1640775,I'd love to merge my iCloud and iTunes accounts. Any way to do this easily and automatically?,Apps & Storage
1834648,"Come on @115858 can’t believe all the issues with .3! Drops WiFi and BT randomly, Battery life sucks & locks up landscape! 7+",Battery
81986,IOS 11.1.2 is killing my battery life. Sucks,Battery
2554206,This @115858 glitch or whatever when I️ type “I️” and turns into a symbol is really pissing me off 💀,Keyboard
2841945,Unable to enable your 2FA via text or phone. Seems the code will not work.,Apple ID
2893267,I got earphones with my iPhone 7 and I’ve not used them that much and they’ve stopped working for no reason. What do I do about this?,Sound & Bluetooth
713393,I need you to do something with the new iOS! My battery doesn’t last not even 2 hours! #PleaseHelp! IPhone 7 Plus iOS 11.0.2,Battery
1649031,"Hey @115858, what on Earth is taking so long to fix this keyboard bug? It’s gotten beyond ridiculous.",Keyboard
1303764,my dad purchased Apple Music for our family of 4 & it worked for awhile but now it quit & there’s a glitch now allowing it 1/2,Apps & Storage
1173939,Why this stupid ios keeps turning the wifi and bluetooth on every time??? @AppleSupport,Sound & Bluetooth
2067680,"@115858 the new update is trash, my phone keeps freezing.",Phone Performance
553576,will 11.2 fix black screen issue?,Screen & Camera
1895534,"Hey @AppleSupport, with the latest update my iPhone 7+ battery life is cut in half, and the moment it goes under 30% the phone freezes.",Battery
440814,"iOS broke my AirPods, 75% of time must disconnect them from Bluetooth before I can connect. No Btooth widget in control center",Sound & Bluetooth
455013,why is it that every time I go to watch a new episode of #MrRobot on my new Apple TV I get stuck on the spinning wheel? This doesn’t happen with other shows.,Phone Performance
327312,"Anyone else seeing no keyboard on ios 11.1.2? Twice today, not on any app. Reboot restored. /cc @AppleSupport",Keyboard
511110,Hey @AppleSupport @118721 @115858 what is going on with the itunes movie store ? [URL],Apps & Storage
2208131,How can I check the battery capacity on my iphone? @AppleSupport,Battery
1064904,@115858 really unhappy with new IOS update. Kills battery and apps won’t work. Help! Can I remove it?! 😤 #ios #iphone,Battery
2945820,Pathetic user support facility of #Apple Trying to recover my icloud account from more than 15 days but no Response...Highly irresponsible customer support @AppleSupport,Apple ID
366967,Issues with @115888 not on lock screen and car Bluetooth connectivity post iOS 11 update. @115858 please advise,Sound & Bluetooth
509564,@115858 bruh how the fuck have you STILL NOT fixed the I️ glitch,Keyboard
2627829,whats the point of having a trusted number for two factor when the your system refuses to call it with verification codes? @119462 @116333,Apple ID
1940149,"LOVE that my phone freezes, and turns volume down on it’s own plus many more! Great IOS 😐 @AppleSupport @115858",Phone Performance
2780699,my iPhone X keeps dropping Bluetooth. Need help. Thanks.,Sound & Bluetooth
2078258,iOS 11 has everything all messed up. Ever since the update my internet on my phone is slow on WiFi @115858,Phone Performance
1026228,Dear @115858 I have a fraud concern regarding my Apple ID. Who should I contact?,Apple ID
2709987,Why is it taking forever just to recover my Apple ID🙄,Apple ID
554726,"I am on iOS 11.2, have turned on two factor auth, have debit and credit cards, but Apple Pay Cash is not available in my wallet settings. Whats up?",Apple ID
1836398,why since doing the iOS update does my phone freeze everytime I try to open/close an app? & Sometimes while I’m using the app?,Phone Performance
1327364,@232675 @AppleSupport my iphone won’t pair with my BMW bluetooth after upgrade- please supply link to fix,Sound & Bluetooth
2856779,"on IOS 11.3 and my battery turns off at 19% other times, 11%. Since 11.0 I’ve not managed to get to 1% before it dies. Is this going to be rectified?",Battery
415752,@115858 @AppleSupport after I updated to #ios11 my 6s battery life reduced to less than half. I want ios10 back. You need to fix this. Please,Battery
1078239,ios11 was pretty cool before it made my phone freeze every 5 minutes @AppleSupport,Phone Performance
1239022,@159983 since the ios11 update my wireless earphones are out of sync when watching YouTube vids #2secdelay,Sound & Bluetooth
1949240,"My camera roll is out of order since yesterday @AppleSupport , what can i do to get them back in order please?",Screen & Camera
1406636,not happy how I was misled in using the App Store app to upgrade my iPhone,Apps & Storage
1311484,I feel like this Apple IOS 11 update has my iPad sluggish! 😐 Where are the New Emojis? @115858,Phone Performance
2404856,hey quick question why is this happening whenever I try to view an album in the iTunes Store from my phone? How can I make it stop? [URL],Apps & Storage
2213343,"@115858 Ever since I updated my software 13.3, my @797 6 battery power drains so fast. Since opening up @123765 app, it went from 56-44%",Battery
1702948,"have a iPhone 7 Plus and since the new update my podcast app is unuseable. Crash every couple minutes, freezes during browsing",Apps & Storage
1546676,@115858 Hey guys I'm really frustrated right now. I literally was able to check my order status through your site and 20 minutes later when I refresh the page it says that my information entered doesn't match. Please help,Other
384048,@115858 @AppleSupport what’s going on with this update?! My battery is draining so fast and my phone keeps freezing.,Battery
1234749,why are my EarPods now playing music when I pause a podcast?,Sound & Bluetooth
2050303,"Your 11.0.2 update killed my battery and my ringtone, which is selected but does not play. When in the patch coming?",Battery
1573645,"@115858 please fix this I️ bug, I’m tired of looking crazy when I️ tweet",Keyboard
2862163,Can't get onto my phone because @applesupport can't change a password in under a 2 week time period.. I'm pissed. Can someone help me before I go out and buy a freaking android?? How a company as big as apple cannot help me recover an apple ID in under 2 weeks is just ridiculous,Apple ID
642063,hi could you give me some advice im using a iPhone X on iOS 11.1.2 the latest firmware sometimes my phone freezes what can I do,Phone Performance
2618283,"Hey @AppleSupport when are you REALLY going / planing to fix the keyboard problems ? It is really, really, really slow since IOS 11 and the last update (11.1.2) doesn't resolve anything !",Keyboard
1215591,Dear @115858 the new update is messing with my phone freezing it and I don’t appreciate it. Y’all sice with the record screen but the rest...,Phone Performance
2831787,Anybody else with an iPhone 6s constantly having to charge their phone? Since the iOS update the battery life has been awful 😡 @AppleSupport,Battery
382954,how long till you fix this glitch for the letter I️,Keyboard
2379321,Hi. I really need you help. 2 weeks ago you did a review on the appstore about various apps for photos. Where can I find that info again?,Apps & Storage
436469,Can I assume that Apple will not ask me to log into my acct from an email? Phishing scam I'm sure but double checking,Other
243264,RIP to my cellular phone battery since the new @115858 iOS 11 update.,Battery
682045,"@AppleSupport, why can't I login to iMessage on my Macbook? Just keep getting ""An error occurred during activation. Try again.""",Apps & Storage
656259,#Bluetooth #iphonex What’s going on with Bluetooth. I can connect to a device but when I use Siri or receive a call it disconnects. When are you fixing this please,Sound & Bluetooth
1828926,"I swear to god, I'm gonna smash this phone soon. It won't stop calling and ending calls randomly whenever I've got my headphones in @115858",Sound & Bluetooth
2564158,Extremely disappointing that the seamless connection (for voice calls) between #AirPod and iPhone X at iOS 11.1.1 is no more. When I select the AirPod icon the sounds come from phone earpiece. Piece of $219 #%*#!!,Sound & Bluetooth
2312124,guys! Beats 1 in Music app is not showing album art and song info in iOS 11.1.1 Actually the same problem was on 11.1 but I thought Apple will fix it in 11.1.1 ..sadly the problem persists! Happy to hear from you guys!,Sound & Bluetooth
2288391,"Now that I saved the pictures I'm just worried about the music I purchased, when I login on iTunes on the new phone, [...]",Apps & Storage
2646281,Hey @AppleSupport why all of a sudden is the battery life on my iPhone 6 about half what it was a week ago?? #iphone8 #iPhoneX #Zimbabwe #newmodelrelease,Battery
2725991,"Dear @AppleSupport @115858, thank you for screwing up my phone ever since iOS 11. My phone freezes all the time and have to keep resetting my phone to make a phone call. I’ve had an iPhone or an iPod for over 12 years but now done with you",Phone Performance
2287417,"Getting a message saying ""an error occurred"" when trying to update my iOS. It doesn't say what the error is, so I don't know how to fix it. Have tried plugging the phone into my MacBook and updating thru iTunes, but that isn't working either. Please help.",Apps & Storage
1447238,"if i choose to buy icloud storage, can i use my itunes credit to pay for it?",Apps & Storage
659904,Just wanna know how ITunes took out 45 dollars from my account without my consent??? @AppleSupport,Apps & Storage
294930,"Ever since i updated my iPhone 7 Plus to iOS 11 my speaker for phone calls won’t work, help!",Sound & Bluetooth
841873,from 80% battery to 10% battery in an hour. Not cool. Send help.,Battery
2021975,My phone refuses to update because it doesn't have enough iCloud storage. Help?,Apps & Storage
886195,@115858 stupid iOS update made my speaker phone stop working. It’s a 7plus. Fix it.,Sound & Bluetooth
2422413,@115858 fix your shit. why does Bluetooth automatically come on when I reboot my phone?,Sound & Bluetooth
332839,"iOS update 11.0.2 still draining battery, same as previous update. Already have all power saving settings. iPhone SE.",Battery
2427334,@115858 my apple watch battery suddenly decided to get fat and popped up the display of the watch. What now? Series 1 [URL],Battery
2077301,"iOS 11.0.2 on 6s phone keeps freezing (Hard reboot) control center not working right, speaker and audio issues on calls. HELP!",Sound & Bluetooth
2322520,@115858 work harder to fix the issues #mov doesn’t play on #iPhone X #battery not fully charging #iPhone doesn’t response in cold weather,Battery
1933025,Man if my phone freezes one more mfn time today it’s gon be a problem @115858,Phone Performance
776947,Is the latest iOS update making everyone’s #iPhone slow or is it just me ? #ios #apple @applesupport,Phone Performance
247114,"@115858 @AppleSupport after upgrading to 11.1, my battery sucks.. I use #iphone7",Battery
1624985,any idea why iTunes won’t show me what’s playing from my library? [URL],Apps & Storage
2105971,Dear @115858 @AppleSupport - you said I had an #update... now I have a black screen #DoNotLoadAppleUpdate,Screen & Camera
1586846,"@115858 @AppleSupport phne stolen, registered phne changed, cannot recover apple id, help!",Apple ID
2078610,on iOS 11.0.2 Phone keeps freezing. Phone has also shutdown 4x in 12 hours. Phone is used with a medical device. Please fix!,Phone Performance
2816411,"i hate @115858 ! Can’t type i, can’t log in to my own account because of the two-factor authentication, can not wait to witch to a @728029",Apple ID
1776828,"Hi. If I sign out from my Apple ID on my iPhone, would I loose any data?",Apple ID
1950914,"I'm experiencing non responsive, grey and flickering touch screen [URL] Store says I have no right to repair",Screen & Camera
2295679,", I changed from windows to apple because friends told me how good it is....but my macPro 2015 after has its warranty expired started to overheating, looks like my old windows but that windows last for 5 years",Battery
2121741,so done w not being able to use the letter I appropriately anymore @115858 wtf is your deal,Keyboard
2007608,the latest software update on my iphone7 is draining my battery at lightening speed.....help! Can I downgrade my IOS?!,Battery
1578778,"@115858 My front camera is not working, but my back camera is working. Please helps",Screen & Camera
2756107,Yo @115858 why’d you ship me beats that are already broken???,Sound & Bluetooth
267353,"I would like to know if I can send my 🍏⏰ (broken screen) to United States, here in 🇨🇱 the value is greater than buy a new one",Screen & Camera
1880662,"There is Lag while turning on / off bluetooth , please release a bugfix for this",Sound & Bluetooth
27331,force touch for app multitask gone in iOS11 ?,Screen & Camera
1877316,ever since I updated my phone it sucks. Battery dies rapidly. Serious Lag and delayed touch response.WTH!?,Battery
512495,@115858 what’s going on with 11.1.2 and the grey spinning wheel! #brokeniphone,Phone Performance
1948190,you wanna explain why after the update every time I️ type in the letter I️ it’s some weird ass question mark 😕,Keyboard
1671235,Just noticed a camera roll bug at ios 11.1 update. My photos are not sorted by date anymore. This is frustrating 🤯 @AppleSupport please fix.,Screen & Camera
96993,"Hey @AppleSupport @115858 I was warned not to upgrade to 11.1.2 but had to for work, this sucks, what are you going to do about the battery drain? It’s a joke! Do something ASAP! #listentoyourcustomers!",Battery
2676074,"since software upgrade, have to turn phone off and on again to get speaker to work, speaker-phone to work! Screen super buggy!",Sound & Bluetooth
447319,I️ thought you fixed the typing issue with the letter “eye” aka I️,Keyboard
2505019,"Can you confirm if this is a known issue, as it happens every time? After restart, iTunes 12.7.1.14 has no idea what songs it had in the queue, and they show up as unknown. macOS 10.12.6 [URL]",Apps & Storage
2685398,i need help deleting my second apple id somi can use that email for my main apple id please help,Apple ID
1158024,hi I need to change my Apple ID email but I have forgotten my security questions please help.,Apple ID
2562343,I tried to record my screen with the new screen recorder and it just pissed me off!! It did record but there's no sound like wth!! It doesn't work with the mic on and it doesn't work with the mic off!! What's the use of it @115858 ?????,Sound & Bluetooth
101278,Is there any way to check the overall battery health of my iPhone 6?,Battery
2278803,whyyyyyyyyyyyy does my Apple ID always get disabled.,Apple ID
2147716,are you guys going to fix this Apple I️ glitch?,Keyboard
2687719,WHY DOES MY PHONE CHANGE THE LETTER I️ TO AN EXCLAMATION POINT AND A QUESTION MARK I️ DONT UNDERSTNAD,Keyboard
1691760,Ugh if @115858 doesn’t fix this typing problem,Keyboard
590944,Anyone having camera issues in the latest #iPhone7Plus update? My rear camera is auto sinking in and out and won’t take pictures. Help?! @AppleSupport,Screen & Camera
1022576,Hey @115858 thanks for the “update.” Super rad. I’m typing this in slow motion because that’s how my phone runs now... #bettergochargeittoo,Keyboard
2052883,UPDATE 11.0 2 is terrible for BATTERY and some glitches with lock screen interface with iMessage.,Battery
2948277,I’m pretty sure this is some kind of a spam/ phishing email [URL],Other
2896164,any chance that you’ll be fixing the letter I glitch anytime soon? It’s become a running joke in my office about proofreading your messages for A?,Keyboard
2452595,Hello ! I have another problem : I've bought music like 2 or 3 years ago on my iTunes account but I can't find it anymore :(,Apps & Storage
2004660,@115858 what the fuck did you do to my phone. I️ can’t press the letter I️ without this bullshit happening,Keyboard
1593906,I️ can’t type the letter “i” without my phone doing weird things. How do I️ fix this?! 🤔 @AppleSupport [URL],Keyboard
1300685,This new @115858 IOS 11.0.3 update is the biggest disaster in the history of Apple updates. Makes the phone slow and unstable.,Phone Performance
491487,I am an apple music subscriber. I backed up my phone via iTunes and restored the phone. I had a lot of music downloaded via Apple Music and now there's nothing after the reinstall. I can't even find a way to re-download all those tracks. Please advise?,Apps & Storage
1195189,My app store says i have to pay to download music.ly 😶 @AppleSupport the app is free so why do i have to show my billing info?,Apps & Storage
620073,Can ya’ll tell me why my screen freezes a lot while I’m doing smth or specifically while texting? I’ve already updated to the 11.1.2 😣 @AppleSupport,Phone Performance
1583050,"@115858 @AppleSupport needs to seriously get it's shit together with this ""I"" and ""it"" autocorrect issues. STAT.",Keyboard
1973707,"@115858 Hey, I need a help i have aaple 6s icloud locked but i have bill box n all, i forget my id password. so any possibilities to unlocked",Apple ID
542282,@115858 My friends are trying to add me into our iMessage group chat but it’s saying that I’m not registered for iMessage.. I’ve done everything o can think of and I’ve used iMessage multiple times but for some reason is not working?,Apps & Storage
2427410,my iPad Pro keeps restarting every 5 minutes what shall I do ?,Phone Performance
2684784,"Also Bluetooth gets on by itself, when it is turned off. [URL]",Sound & Bluetooth
854563,Hey @AppleSupport why do custom lyrics added in iTunes not survive syncs to iOS devices?,Apps & Storage
1676328,@115858 are you gonna fix this letter I️ junk orrrrr?,Keyboard
2570446,the battery on my iPhone 7plus drains constantly!! My apps crash and some stopped working. Bluetooth drops.,Sound & Bluetooth
1747358,My phone freezes on a regular basis. Very much regret iOS 11. @AppleSupport please some of your $200 billion to make the phones work.,Phone Performance
1864264,"@AppleSupport, since the last IOS update, my phone battery is playing up. Can you please fix it? Thanks.",Battery
1174785,"Ever since the update, my iPhone keeps freezing and quitting apps. Sometimes for long periods of time. What is going on?",Phone Performance
808213,"WiFi & calling broken, 50% increase in battery drain, iOS freezes. Seriously? Did y'all bother to do any tests at all?",Battery
1880971,"if a software update stopped a 3rd party touch screen working, but the latest one may have fixed it. (1/2)",Screen & Camera
1148817,The IOS 11 WiFi and Bluetooth thing pisses me off. I shouldn’t have to keep turning off my WiFi and BLUETOOTH every time I get into my car,Sound & Bluetooth
620213,@115858 make it possible for multiple devices to connect to the bluetooth on ur phone,Sound & Bluetooth
2000496,what is up with the iPhone glitch when you type I️ ?! How do you fix it,Keyboard
646943,since upgrade to IOS11 my Iphone 6s keeps disconnecting from my cars Blue&Me bluetooth with a horrible noise after a couple of mins in a call. Any ideas? Had no problems before upgrade. Thanks.,Sound & Bluetooth
388031,iPhone 7 Plus has lost about 20% of battery in less than 2 hours - this seems a lot? Airpods and Watch connected but still?:(,Sound & Bluetooth
2021897,my phone 📱 won’t properly type the letter after H in the alphabet. Please assist! 😳😬😨,Keyboard
1948064,"Hey, @AppleSupport. Having troubles with iTunes: radio won't start playing, nothing happens when I press play [URL]",Apps & Storage
847074,Is @115858 screwing with anyone else's old iPhone? Mine froze up and died with 35% left on the battery. #pushingthatupgrade,Battery
1502992,when I type the letter I it’s defaulting to the picture below. Notice the text prediction. Please advise [URL],Keyboard
455028,"Hi, I have a problem with my rMBP early 2015. This evening I was working on it when suddenly touchpad and keyboard stopped responding (power button excl.). I tried force restart, when the computer was rebooting it displayed these images. What's the issue? [URL]",Keyboard
2152072,@115858 iPhone X touch screen completely failed 6 hours after activation.,Screen & Camera
1269557,any reason why iTunes have taken 27 pound out of my account.. when I pay for Apple Music monthly not happy.,Apps & Storage
2953748,I became a beta tester and some of the apps I rely on the most are buggy. Can you restore old iOS versions without using an old iCloud backup?,Apps & Storage
2518324,for some reason my account is locked for the upgrade. It has been over 60 minutes. I've checked with ATT and my credentials are correct,Apple ID
1988637,i literally got a brand new iphone &it wont let me set up and it keeps saying that there is an an error with apple ID or it just wont work,Apple ID
2052459,@115858 I hate the new iOS 11 it keeps restarting my phone...hurry and fix it please,Phone Performance
512472,"Hey, I can’t sign into my account and it’s not because I’ve forgotten my password or pin. The App Store keeps telling me that it can’t sign in even though I’ve inputted the correct password at least five times. It’s quite frustrating",Apps & Storage
2978805,"@116333 Hello tim, I yesterday received my iPhone X , I was very excited to have it, as I invested a big amount to purchase it, When I switched on the rear camera and went to the portrait mode; A black spot was visible on the screen, 😒",Screen & Camera
861443,Yea it is shite and drains the battery also is making phone very slow @AppleSupport [URL],Battery
568454,a UI bug in iOS 11.2 following my update this morning on iPhone X: [URL],Keyboard
2855315,how do I turn off the “storage almost full” alerts? I know it’s full and wish to keep it full without being told it’s full.,Apps & Storage
1171489,"I updated my iPhone 5s to ios11 a couple of days ago, I just tried to take a video and it has no sound?! Is it related?!",Sound & Bluetooth
110893,"Wow, the latest @115858 MacOS update sure hates @115888. Keyboard pause/skip controls no longer work and searching ""spotify"" in Spotlight now defaults to opening the installer instead of the (installed) app.",Keyboard
1286475,@115858 @53909 @AppleSupport Why does this weird circle keep showing u o when I try to talk to Siri? [URL],Keyboard
2309039,My music app hasn't been opening. It just goes to a black screen when opened and then closes out. Can't even access settings. What's going on?,Screen & Camera
2043966,downloaded latest update now getting 'bricking' message. No iTunes or laptop to fix this. Please help!,Apps & Storage
2675408,Can’t type the letter “I️” without my iPhone changing it to “and ?”. This update sucks infinite dicks. @115858,Keyboard
1835642,ios 11 overheats and drains the life out of my soul and my iphone6 pls help mE,Battery
1948368,"When I plug in my handphones or connect my beats it auto controls my music app, even when I’m listening to a podcast. Why? @AppleSupport",Sound & Bluetooth
750039,"@115858 the new update is absolutely shocking, phone keeps freezing, can use my music apps and phone calls don’t work #Shocking #SortItOut",Phone Performance
151518,"@115858 @AppleSupport the worst experience i had with iphone today, when suddenly (my iphone 6s plus after the update) keep restarting and hang on the apple logo 😡",Phone Performance
847709,Are there any issues with the App Store? Been trying to download two apps all morning.,Apps & Storage
2652482,Why won't iTunes 12.7 correctly list what songs I have on my iPhone 8? And why won't it let me download my holiday music either? Or my custom ring tones? This is driving me nuts!,Apps & Storage
1859034,my iPhone 6s has a consistent battery draining problem since the update of iOS 11.0.1 so far 2 more minor updates but in vain,Battery
1338775,—after upgrade battery not only seems to go quickly it takes much longer to charge! 😡,Battery
646958,HEY @115858 WHY DONT YOU CREATE A NEW SOFTWARE UPDATE THAT DOESNT MAKE ME LOOK LIKE IM TRYING TO SPEAK IN CREEPY SYMBOLS WHEN I JUST WANT TO TYPE THE LETTER I OR WHEN I TYPE THE WORD IT INSTEAD OF FIXING IPHONE X STUFF FIRST. THANKS.,Keyboard
1989949,"hi apple, I have 2 Apple id's. How do I change Apple ID accounts on the Apple Watch app and will I lose connection to watch",Apple ID
1352266,Placed order but noticed the shipping address was wrong. Order status went from placed to preparing to ship” need to cancel!,Other
1811675,"NO APPS running all day....been off the charger since 1pm, and almost HALF my battery is gone?!? @115858 #iOS11 is GARBAGE! Don’t update 🆘 [URL]",Battery
2549111,I have to Down load these same songs everyday some reason there not staying in iTunes why is that @118721 [URL],Apps & Storage
519252,"iPhone 6S going to black screen with loading wheel, then to lock screen on a loop. Phone unusable. Need a fix ASAP",Screen & Camera
403085,My phone keeps crashing! It especially is happening constantly after updating my phone. It’s fishy that it’s present after the,Phone Performance
2433688,@115858 Bluetooth in Range Rover Evoque has constant interference since IOS 11.0.03 on iPhone 6. Please help. Phone also lags,Sound & Bluetooth
829582,".@AppleSupport any reason why my phone keeps overheating, freezing and the battery doesn’t last since the update? had no problems before!",Battery
554790,Why does my phone keep restarting like every five minutes @AppleSupport,Phone Performance
338612,iPhone7-phone rings thru speakers when earbuds plugged in Lightning port. How do I set to ring in earb instead of speaker?,Sound & Bluetooth
181455,Just bought new @AppleSupport #iPhone8Plus and keeps restarting unexpectedly. Very discouraged!,Phone Performance
717699,I swear I’m not liking how low both my speakers are @AppleSupport 😠,Sound & Bluetooth
853006,"why does my phone keep connecting to WiFi and Bluetooth randomly? If I wanted to turn it on, I would. iOS 11 problems! 😤",Sound & Bluetooth
2289294,Why the heck does autocorrect turn “ i “ to this... @AppleSupport [URL],Keyboard
2105909,hey guys can you please explain to me why I can barely type the letter “I” on my brand new and super expensive iPhone? [URL],Keyboard
1783200,There is literally no one at @115858 that uses the iPad split keyboard. It’s now literally impossible to type a question mark. WTF,Keyboard
2139891,@115858 needs to release an update to fix this fucking I️ glitch like fucking yesterday. I’m so fucking annoyed rn,Keyboard
2020178,what’s up with all this iOS 11.1 why do people see these boxes with question marks and a capital A when we type the letter I,Keyboard
2046050,Ever since I updated my iPhone the Bluetooth won’t stay connected. My phone stays being trash.,Sound & Bluetooth
1818739,Your dumbest iOs update is killing my battery. What the hell? Is this all you can do? @115858 @AppleSupport,Battery
1715633,Apple iPhone 8 Bluetooth’s keeps crashing BMW’s Connected Drive. @115858 @4792,Sound & Bluetooth
897695,So is my phone the only one that’s trippin rn? Cuz lately after the updates I can’t hear phone calls and my phone freezes. Yo @115858 fix it.,Phone Performance
2112792,@115858 please fix the damn keyboard like enough is enough the world needs you,Keyboard
2984882,"DYK switching off Bluetooth and Wifi in #iOS11’s control panel doesn’t actually switch it off?! @115858, why sabotage your own brand? [URL]",Sound & Bluetooth
1354529,Why my Itunes (latest version you updated) doesn't now detect my ipods?! I'M REALLY TIRED OF YOUR PROBLEMS!,Apps & Storage
1882259,"@58733 who do I connect with, the battery in my phone swelled up and dismounted the back casing @115858 @AppleSupport [URL]",Battery
286888,@115858 the new update will not let me sign into my Apple ID. Please help!,Apple ID
1579738,why am I asked to upgrade iCloud storage when trying to turn iCloud photo library when my photos are already in iCloud? [URL],Apps & Storage
1995497,Wow I am getting so pissed that I cant type the letter “I” without it autocorrecting to I️ I have to change it every time. @AppleSupport,Keyboard
2284992,My twitter app had to force quit due to the keyboard blocking the location prompt:( #deadmau5 [URL],Keyboard
627904,I am trying to reset my security questions and it is not allowing me to. I am now locked out of iMessage,Apple ID
1998003,@115858 please fix this keyboard bug.,Keyboard
1978681,"@115858 @applesupport There is no damn way, my storage is full. I barely have anything on my phone.",Apps & Storage
554769,"@115858 's inability to fix the constant respring issue today really is telling of what's happening lately. Support and quality has dropped, and that's a shame. Bugs like this should never make it to production, my phone is essentially bricked.",Phone Performance
1636534,@115858 so when y’all gonna fix the I️ ?!!,Keyboard
2152165,"If I trade in my iPhone with Apple, is it possible that I can use the credit/gift card to pay part of the battery replacement fee of my MacBook?",Battery
1750420,@115858 tryna make us upgrade to X by making this i️ glitch but guess what? 👁 will use this 👁 to replace every 👁 that 👁 use. #FixitJesus,Keyboard
2179514,"Ugh, my iPhone battery dies fast, I think it’s cause of that stupid IOS 11 update😤@AppleSupport @115858",Battery
772194,latest software update has totally knackered #Apple Music! Keeps crashing! #PissPoorTesting,Apps & Storage
553481,"Hi, my i6 battery that I replaced in June is once again used … help ?",Battery
753575,"Bjr @AppleSupport @115858 J’aimerais savoir pkoi mon iPhone 6, depuis la mise a jour 11.0.1 active automatiquement le wifi et le Bluetooth ?",Sound & Bluetooth
518339,What is wrong with you!!! @115858 @118936 @116333 Do Something!!! 😣😟 #iPhone7Plus #ios1112 #blacksaturday #faithnomore #respring [URL],Phone Performance
2009656,all of my photos and videos have deleted themselves my phone crashed and my whole phone has been wiped 😡😡😡,Phone Performance
1662173,"@115858 please give us control over our phones. I don't want WiFi/Bluetooth to turn on at 5am. Where is the toggle to turn this ""feature"" off? I'd also like the control center to turn off WiFi/Bluetooth rather than to just disconnect it. [URL]",Sound & Bluetooth
2355139,i’m not buying a new iphone @115858 so can u stop all the keyboard glitches you can’t fool me fix yourself.,Keyboard
2018454,My iPhone battery is terrible. Absolutely terrible. It’s only 1 year old. Wtf @115858?! I didn’t spend £799 on a phone to last me a year!?!?!,Battery
1138392,My battery is Super bad why is it draining so much @115858,Battery
1976458,my Beats Studio Wireless ear foams are weather from gym use (from sweat). How do I go about new pieces? Thanks. [URL],Sound & Bluetooth
112830,"my iCloud account was just locked down, & I had to unlock it with my 2 factor code and then change my password. Was it a hacking attempt...?",Apple ID
749754,if my iPhone is connect via Bluetooth to my car is there any way to get turn by turn directions when listening to the radio,Sound & Bluetooth
2322558,hi @AppleSupport my iphone’s touch screen sensitivity is acting way crazy after updating to ios 11.1.1 any quick fix you can suggest? thank you!,Screen & Camera
1560063,I have a 7 bruh there’s supposed to be a two iPhone gap before the “let’s slow down their phone and kill their battery life” stage kicks in.,Battery
1197472,why does my phone randomly play music when I leave the headphones on even after I've stopped playing the music?,Sound & Bluetooth
2050028,"Is this new update a joke? Phone freezing every two minutes, phone turned into an absolute 🐢 @AppleSupport @115858 #iphone7",Phone Performance
1779256,"I don't want to sound ungrateful for what I have, but it's annoying as hell when my @115858 laptop is at low battery after an hour of use",Battery
1623825,I can’t log into my Icloud account on apple devices other than my iphone. Any help?,Apple ID
1648419,I️Just Wanna Know Why TF I️ Cant See My Letter I’s WTFFFFF @115858,Keyboard
553503,"please can you help, my portrait mode has gone from perfect to being like the second picture no matter what the lighting is like? [URL]",Screen & Camera
1887608,@115858 HATE the latest upgrade. It is draining the life out of my battery on both my iPhone and iPad. Please fix.,Battery
2816383,I recently changed my Apple ID and now I don't think my HBO account I got through the Apple Store is working,Apple ID
2977194,Looking for some help. Upgraded phone and now cannot turn Bluetooth on/off. Therefore can’t pair watch/upgrade watch. Watch is now rendered useless.,Sound & Bluetooth
1173949,if I take my MacBook to an Apple Store can y'all instal a flat headphone jack on my lab top somewhere?,Sound & Bluetooth
2172781,can you please tell me why my 7+ almost burned a hole in my pants and why my flashlight or camera doesn’t work now.,Screen & Camera
2857292,"whenever I try to use the calendar in splitview and change dates, it show a blank screen and then go to Feb1962 and then 2000? [URL]",Screen & Camera
2069884,fix iOS 11 killing my battery,Battery
2410259,I have been billed by iTunes on numerous occasions and I have no idea why or what for can someone help,Apps & Storage
2422462,@115858 how do I block a email address with iCloud? I understand adding a new rule but I want the sender to get an error email back to them like they emailed the wrong account. How do I do that? Like block and not just go to my trash? I don’t want to see it.,Apple ID
2615239,why is my facetime not working on my mac??? what could i do to fix it?,Apps & Storage
1712471,I want to know why my Apple ID has been locked for the past 5 months after 3 resets and multiple password changes,Apple ID
2000706,Dear @AppleSupport last week I had to pay for new EarPods because the 1s you gave me broke and now the replacements broke. Seriously WTF?!?,Sound & Bluetooth
2439741,@115858 I can’t deal wit this anymore. I’m tired of my phone always cutting of when it’s not even dead. I’m tired of my phone glitching. I’m tired of my speakers not working at moments and I’ve never dropped my phone in water. C’mon now do better or I’ll switch Bc it’s too much.,Sound & Bluetooth
695373,I hate you @AppleSupport my phone keeps restarting,Phone Performance
2047289,what the heck is wrong with the battery in iOS 11,Battery
629733,"completely ran out of storage on my iPhone 5s, cannot log back in to iTunes to delete. Away from home & get to Genius Bar & no Mac access for 2 weeks. Do I have to wipe it & start again or can it be fixed myself?",Apps & Storage
1186550,"@115858 does a great job to remind an iPhone user to update iOS so that our phones become slow, unresponsive, and app-ocalypse. I’m afraid if I update to next version my Iphone 6 will cease to operate. Anyone else have issues with camera freezing and touch unresponsive?",Screen & Camera
1908188,"since update to iOS 11.0.3 my iPhone SE keeps freezing, turning on apps and battery life is awful. Please help",Battery
2864836,can you do something about my iTunes app crashing every 30 min it’s annoying,Apps & Storage
1516133,Hey @115858 #iOS11 #batterylife sucks! I’m losing 35% battery in the time it takes to do a 4 mile run. #WTF Fix this or I’ll find a new phone,Battery
2581954,yo @AppleSupport if my phone freeze again I will switch to a sidekick,Phone Performance
2269975,I got the new update and now my phone is convinced there’s headphones plugged it. Please help ☹️,Sound & Bluetooth
798837,@115858 How is my battery Dying while its connected to the charger?!!!!!!,Battery
2095617,@115948 why can’t I play any radio stations from iTunes today? @AppleSupport,Apps & Storage
292933,Battery drain iOS 11.0.2. @AppleSupport @116333,Battery
1402923,"After being rinsed off, my S2 Nike AW speaker gets distorted for hours. Using water mode doesn’t help. Ideas?",Sound & Bluetooth
1448096,Hello @AppleSupport. How do I fix - “There was an error connecting to the Apple ID server” when signing into @118721 ?,Apple ID
31419,#iphoneissues @AppleSupport why is my phone recognizing capital i as an emoji? This is annoying. i can’t write professional emails for work [URL],Keyboard
2060789,@115858 fix this fucking battery life after that shitty update. Wtf,Battery
1473318,Any way for you guys to check my battery health? The battery seems to drain very quickly.,Battery
1849978,My iTunes isn’t allowing me to restore my iPhone as something may be corrupt or not compatible. How do I fix this if I can?,Apps & Storage
2263595,Want to chat about how #iphonex is not connecting to Bluetooth headphones @AppleSupport or how when by all appearances on phone they are connected but no sound?,Sound & Bluetooth
1953798,"my front and back camera isnt working, and neither is the flash and i dont know what to do",Screen & Camera
1773691,I️ really want to know why I️ can’t type the letter I️ @115858 @AppleSupport I’m really fucking annoyed,Keyboard
1647754,Fix this capital I️ bullshit @115858,Keyboard
148286,how do i check the battery health on my iphone 7 plus?,Battery
1895809,@115858 is broken. His comp doesn’t have the Mac App Store so trying to get it from your website but can’t find it at this link. [URL],Apps & Storage
2062112,when can we expect a solution to faster battery drains with ios11 and its successors..?Seems Apple is helpless in this regard!,Battery
2294107,is there a way to check my phone's battery health?,Battery
2117263,can you send me some new headphones mine just broke smh.. it’s terrible not being able to listen to music and cancel people out,Sound & Bluetooth
2900381,I need to reset my security questions and I have to login into an account that I cant login into because I first have to reset my sec. questions which need that I have to be logged in...Grrrrrr!!!!! Shall I publish my apple ID here? I need access to my account!,Apple ID
1857346,Whats wrong with iphone6 OS 11.0.3? Typing one word takes 10 seconds including 5 waiting for something to happen!!! [URL],Keyboard
2903749,updated to 11.1.2 on my 6 Plus. Touchscreen is unresponsive most of the time and will work for a few seconds at a time periodically . It’s unusable.,Screen & Camera
1697368,Yoo WHAT THE FUCK IS UP WITH MY KEYBOARD @115858 @AppleSupport??,Keyboard
228430,"Glad I searched 'iPhone freezing' and saw a million other people are having the same issues. @AppleSupport, [URL]",Phone Performance
2689516,"Lost my phone, try to reset my password, tries to send the instructions to the phone I've lost, then I try with another phone and you don't even send the messages at all??",Apple ID
2609186,"using #ios1103 feels like using a mid spec android phone. Slow, unoptimised, and terrible battery. Fix it honestly?",Battery
2813618,Transferred data to a new iPhone from an encrypted iTunes backup of the old one. Just about the only thing that didn’t make it was the database of my hundreds of Text Replacement entries. Help? Glad to use a 3d party utility. @AppleSupport @107947 @107948 @107949,Apps & Storage
2627791,@115858 can’t access my iCloud account because I’ve changed my number so don’t have access to trusty device for two factor authentication??,Apple ID
2890998,k so I updated my phone to get rid of the “I” malfunction and now my phone is lagging. Coooollll @115858 COOL.,Phone Performance
1220046,"@115858 Please I forgot my security question and answer,tried resetting it but this is what I got in return...can you help me out [URL]",Apple ID
2555225,This is the 4th time I am doing iPhone restore in this week. It automatically restart sometime and get stuck in logo screen. Then I had restore using iTunes again and again. Atleast let me know what is the reason for this. #iPhoneLogoScreenLoop #iPhone,Apps & Storage
1596656,Y’all couldn’t fix the letter “I️” so y’all made it an emoji? I️ hate y’all @TwitterSupport @AppleSupport,Keyboard
1037659,"my camera roll folder shows zero pics all of a sudden, how do I retrieve them back ?? Kindly reply asap",Screen & Camera
1772583,new phone out of box won't update to 11.1... error 3014 comes up in iTunes. Help!,Apps & Storage
752202,why is my phone freezing and running hot after this update?,Phone Performance
2704231,"Help please. Apple Music keeps crashing on my phone. Latest software installed, hard reset done, app deleted and reinstalled.",Apps & Storage
1838272,Having major issues with iOS 11.0.3 update. Phone freezes and turns off multiple times. Considering jumping iPhone ship. Help.,Phone Performance
670607,"with new updates why is it asking for your Appleid more than one time, with new breaches how do we know these are legitimate",Apple ID
46576,"I am from the US but I live in China. Is it possible to have my iPhone/Mac iCloud linked to my Chinese info (bank, address), and separate Apple ID linked to my U.S. info (bank, address)?..Want to keep my iCloud storage in China but use App Store/Apple music from US",Apple ID
1937318,So @115858 I know y’all want us to buy the New IPhone 8 or X but y’all don’t have to keep releasing these bugs to kill my battery on this 7+,Battery
1700809,@115858 you need to fix this issue with typing the letter I!!!,Keyboard
912837,My running has got so much easier thanks to @115858 - now I get 763 extra breaks when I stop to reconnect their shitty new headphones.,Sound & Bluetooth
2286095,"tfw you just want to log in to your apple id so that you can set up your new phone but you cant because two factor authentication keeps sending your codes to the phone that you lost and don't have the number to and @AppleSupport is ""closed"" for the weekend. SOS!!",Apple ID
215822,The new @115858 iOS sucks. Emailing from the phone is now a pain. Charging the battery twice a day is not exciting. What else?,Battery
671339,Hey @AppleSupport iOS 11 is killing my battery. Please fix,Battery
742511,@115858 why does my Bluetooth turn on automatically every day at 5am after upgrading to iOS 11?,Sound & Bluetooth
2177323,after the last update iTunes no longer manage IOS [URL] what do I do about all these apps on the Mac?,Apps & Storage
2949530,@113095 My account has been hacked and has been compromised and the shortage has been documented. Please compensate and investigate the problem you have been exposed to --------------- @118936 @AppleSupport #loudstar #Apple #AppStore [URL],Apps & Storage
2573907,Hey @AppleSupport there’s still that one bug with my flashlight. [URL],Screen & Camera
2401840,"guys, my iCloud storage tells me it’s full, but the numbers don’t add up. 90% of is Documents? What? Where?",Apps & Storage
561794,"what kind of card do I need to get into the app store, not for music. Just for in app purchases?",Apps & Storage
706152,why does the new update make my phone slow and die 100x faster😒,Phone Performance
1172973,"@115858 pls fix your IOS 11. My phone freezes, apps crash constantly and my phone crashes all together. I can’t with this already",Phone Performance
2925647,"Hi, @AppleSupport. Ever since the latest iOS update, my autocorrect keeps changing “we” to “W.E”. How do I stop this?",Keyboard
1398941,my iPhone is slow. Is it WiFi or service provider ... how can I speed it up? I have an iPhone 6 Plus with the current IOS.,Phone Performance
556102,3D touch and multitasking not working in ios 11.2 ?? Any suggestions @AppleSupport @115858,Screen & Camera
2057348,"I bought earpods and they’re not working from the right side, only had them a month. My serial # isn’t showing up on the site",Sound & Bluetooth
2533926,@115858 Why are IPADS having major issues with keyboard.....it’s woeful. 😡😡😡😡,Keyboard
2892006,@115858 i took #iphone7plus recenty and tday it jst slipped from my hand and falled dwn and got my screen cracked. iphone is one of my best phone till nw bt ssly u need to do something for the screen #iphone #iphone7plus,Screen & Camera
2786449,"If I have Apple Music, do I still need iTunes Match?",Apps & Storage
2583218,@115858 how I update my phone to get rid of that ugly ass autocorrect just to have y’all change “it” to “i.t”,Keyboard
2614281,please fix ur damn ass I️ glitch,Keyboard
1679166,@115858 y’all better fix this I️ glitch I️,Keyboard
517082,My phone keeps crashing every two minutes @AppleSupport ???,Phone Performance
1776272,@115858 YO APPLE WHY IS MY KEYBOARD FUCKED IT KEEPS CHANGING MY I️ TO THIS A? [URL],Keyboard
2977503,And the problems continue on my iPhone 6 with the new update 11.0.03 🙄 now it does not show me the keyboard @AppleSupport @115858 [URL],Keyboard
2081620,Is anyone else having issues with their iPhone freezing and acting weird since the most recent update? (11.0.3) @AppleSupport,Phone Performance
1617821,I have the new iPhone X and it appears sound is only coming out of one of the speakers at the bottom. Any tips?,Sound & Bluetooth
2321968,my earphones went THROUGH THE WASHER AND DRYER @AppleSupport does this cover my warranty?,Sound & Bluetooth
1925228,"yeah, was listening to music with my apple EarPods that came with my iPhone 8, and got shocked so bad in my ears!!! Dammit!!",Sound & Bluetooth
2739504,Algum técnico em eletrônicos desta rede social poderia me dizer pq meu celular não conecta com Wifi e Bluetooth se estiver a mais de 03 metros de distância do roteador ou de qualquer outra coisa. Aguardando. Obrigado @AppleSupport @115858,Sound & Bluetooth
2512274,reset my ipad (thats only ever belonged to me) after putting in my icloud and apple ID passwords. Now the activation block is on and won't let me access my ipad? saying that its not connected to the same apple ID i just put the password in to reset it? help,Apple ID
94876,@115858 iOS 11.1.2 is so glitchy! Phone keeps freezing on random apps. Touch is less responsive. I’ve restarted it 3x since yesterday. #iphone #glitchy,Phone Performance
1679169,I am trying to reset it my password and it says my security questions are incorrect which is impossible. Who can I speak to?,Apple ID
2369473,Whenever I screen record something it won’t record internal audio after it’s been saved. I’ve also tried it with the mic on and there’s nothing. I feel like it’s a bug issue with the new update? Any tips on how to fix this?,Sound & Bluetooth
1887004,told AAPL does nt repair iPads out of wty in India. Shd I just throw out my 1.5 yr old Air 2 as it's touch is not responding?,Screen & Camera
703657,@115858 after upgrading my phone my speaker mode no longer works while I am on the phone. Fix this NOW 😠,Sound & Bluetooth
1646675,This is getting ridiculous I️ think A ❔ @AppleSupport now the predictive text? [URL],Keyboard
84223,"@115858 what’s happened to the battery life on my iPhone since the latest software update? Whatever it is, it needs sorting soon...",Battery
2364502,@115858 @14112 camera is very bad blurry I hate it 😡😡😡,Screen & Camera
2476083,For real @AppleSupport the letter I️ is trippin out fam [URL],Keyboard
2346686,My 7 plus iPhone's battery has been dying extremely fast.... does @AppleSupport replace batteries for free...?,Battery
2309045,@115858 thanks so much for fucking up my keyboard i️ can’t even type “i️”,Keyboard
1857913,please can you help me fix autocorrect - when typing ‘is’ it autocorrects to I.S. Not good and very annoying. Tks,Keyboard
1220491,@115858 ce serait génial de faire qq chose pour les gens qui ont téléchargé la mise a jour ios 11 et qui ont leur iphone qui bug mtn,Keyboard
1986902,@115858 @AppleSupport since this bulging #battery if I take it in will you replace? #MacBookPro [URL],Battery
1311465,Experiencing some serious battery degradation issues with iOS 11.0.2 on iPhone 7. @115858 @AppleSupport #ios1102 #iphone7,Battery
885690,in trying to help some old ladies setup update their closeted iPad2 I triggered iPad2 iCloud Activation Lock. As a PC guy I...,Apple ID
637464,"hey not getting the episode chart on itunes Podcasts, tried restarting and updating already, help? [URL]",Apps & Storage
1776812,280 Twitter characters but it’s just the letter I️ @115858 keyboard problem over and over and...,Keyboard
2621282,"Last night my iPhone randomly shut down. Since then its frantically opening apps, switching between screens, typing by itself, disabling my phone (I’m now locked out of it),entering passwords alone & calling random numbers WHAT HAS HAPPENED?ITS FREAKING OUT😶 Any help @115858 @118101",Phone Performance
79997,Dear @AppleSupport I’ve tried to enter my password a few times now and it keeps kicking back to my iPhone. This is really aggravating [URL],Apple ID
1474733,"I can't hear any sound on my phone with earbuds, I think the jack is broken. What should I do? @115858",Sound & Bluetooth
889076,"Ever since I updated my iPhone 7+ , my phone is so laggy and my touch screen trips out on me .@AppleSupport please fix my iPhone and get your bugs situated in the updates!!! I didn’t pay $800 for a piece of shit.",Screen & Camera
514781,"@12172 even though my OG Beats Studio are 5/6 years old, they are starting to show their age! Anything you can do? I need my headphones sorted 💙 #SendHelp",Sound & Bluetooth
1278158,"Hey @115858 , when I go on @123765 my iPod kicks me off my Bluetooth. Why’s that? #FirstWorldProblems",Sound & Bluetooth
1470849,can someone help me with two-factor authentication?,Apple ID
700017,can you tell me why my phone keeps randomly shutting down,Phone Performance
1790405,my app store isn’t letting me download or update apps,Apps & Storage
765461,How do I delete old non-existing #iCloud from my iPad? The pop-up is driving me insane! Password doesnt work. Cant delete it😡,Apple ID
694512,My name is razz chakroborty (+91 705308855) i was using a apple i phone 6S. Yesterday 5.15 to 5.30 pm i lost my Phone so need your Support to find my phone my apple id is __email__ emi id is __credit_card__.i done the FIR. Plz help ME.,Apple ID
2484236,"I have ordered an iPhone x but I want to change the shipping address 'cuse I have some problems with my previous address, so how can I change it? for your notice the payment has done.",Other
2140955,"Excuse you, after the software update the letter I️ “eye” comes out as an A followed by a question mark in a box 🧐🙄",Keyboard
1798549,"Hey @AppleSupport, what’s the point of the WiFi & Bluetooth buttons in the control center if they don’t actually do anything?",Sound & Bluetooth
2690905,can I receive a verification code if I’m roaming ? I’ve been trying to access my iCloud for days now 😒😒,Apple ID
1149715,Our Multinational IT services across 7 European countries cannot sign in to the app store with newly created apple id today.,Apple ID
901584,fix the alarm!!! It no longer rings when I’m silent mode. 🙄🙄🙄🙄🙄 iPhone freezes constantly. Feels like we are on iOS 0.1,Phone Performance
2710482,"new iphone updates has rendered my phone slow, and useless. cheers @115858 always wanted a laggy phone that doesn’t work",Phone Performance
495121,I’m having Bluetooth issues with my iPhone X. Some Bluetooth devices are not discovered. This is in close proximity.,Sound & Bluetooth
1249033,"hi, why do I keep getting this message when trying to sign into app store? [URL]",Apps & Storage
2343815,"@115858 you have officially done it. IPhone 6s freezing, restarting randomly and slow. I officially have a #Samsung which has iTunes. Sort this crap out please. @115858",Apps & Storage
670356,Why does my iPhone keep restarting every 30 seconds @115858 @AppleSupport,Phone Performance
894325,@115858 iOS update 11.0.3 is draining the battery life faster than ever. It’snt making my phone slow and freeze at times,Battery
39619,"since updating to 11.1 this am, sound volume on phone calls (handset) very quite - speaker and Bluetooth works fine - pls help",Sound & Bluetooth
2078115,"Hi, In “Files” (iOS11.0.2) I can access Google Drive or Dropbox over cellular but iCloud Drive doesen’t update or download",Apps & Storage
1147024,@116333 Hello Facebook application is consuming a lot of battery is glad you find a solution for it,Battery
879318,I linked my Movies Anywhere account to iTunes (previously DMA) and my movies aren’t showing up. How long does it take?,Apps & Storage
2207604,"hi, in the next update can you please fix the “Live Photo” option? I never use this function and even tho I have shut it off in settings it’s still always on when I open my camera app regardless of the setting.",Screen & Camera
1400673,@115858 why my Apple Music not working,Apps & Storage
2434220,Please help! Keep getting same message when trying to set up a new Apple id. [URL],Apple ID
1546822,facing a lot of slowness and screen freezing issue after updating to iOS 11 on my iPhone 6s. Thought this will be fixed in next releases but not yet fixed even after 3-4 bug fix updates. Please help.,Phone Performance
84268,I have updated ios 11 my touch is not responding can you guys help me out I am fed up with this nonsense,Screen & Camera
657204,why is my order still “Preparing for Shipment” and I’m supposed to get it today??,Other
1725221,Fix the keyboard issue where the letter “I️” appears with an exclamation point and a box with a question mark🙄🙄,Keyboard
394085,my rear camera isn’t working - giving me a black screen constantly and won’t take pictures. Have any idea why?,Screen & Camera
596895,"@115858 @AppleSupport a friend has broken their phone, can’t login to iTunes as has forgotten password, how can we check if anything is backed up/stored?",Apps & Storage
1069259,Is this sarcasm or something @116333 or am I missing some hidden keyboard here? #AppleWatch [URL],Keyboard
1592350,why tf can’t I️ type the letter i?!?!,Keyboard
637397,"Hey @115858 , I’m loving the #iphoneX , what I’m not loving, however, is the crazy bluetooth connectivity/stuttering I’m experiencing. Help!",Sound & Bluetooth
2309417,"sign into iTunes keeps popping up, but when i sign in it says it couldn't connect. won't go away after hitting cancel.",Apps & Storage
1572260,I updated my phone and now keyboard is awful. Send help @AppleSupport,Keyboard
844287,why can i airplay apple music to my @8595 avr 2400h but not my #HEOS speaker? makes no sense. #imconfused 🤔,Sound & Bluetooth
1345669,My billing address is not matching my current AT&T billing/shipping address on Apple. What do I do?? Can’t edit due to Next.,Other
2408620,"I cant open the fucking App Store, iTunes Store or YouTube. Tell me why please",Apps & Storage
346994,"Dear @115858, I still don't understand the headphone insert being the charger insert. Im trying to listen to music but my phones dying... 😐",Sound & Bluetooth
1709192,what’s this A ? Autocorrect I’m getting when I️ type “I️”? Started after the latest iOS update,Keyboard
2545678,"“iOS 11 is stable now!” says MacRumors forums. Yeah, let me take 10 minutes to connect my AirPods to my iPad just to have them connect, disconnect, reconnect, disconnect, reconnect, not play audio, disconnect, reconnect, disconnect, play audio, and disconnect again. @AppleSupport",Sound & Bluetooth
2438574,@115858 when will you fix the issue that is preventing AppStore to download new apps until you restart the iPhone? 🤔🤔 ...,Apps & Storage
539987,iPhone keeps restarting every minute or so - setting clock back to yesterday fixed it but is there a better fix? 🤔,Phone Performance
604013,"Hi @AppleSupport Not impressed with your later IOS 11... Clickable items “flashing up” and moving on a touch screen (ie “the dock”) is exceptionally frustrating. Likewise with the newer IOS touch-keyboards. I’m at the point where I’m putting my Apple devices down, angry.",Screen & Camera
2750467,love y'all can y'all authorize my new laptop to play my itunes purchases i've maxed out on devices [URL],Apps & Storage
2126077,"So ... @115858, why did I just get software update to iOS 11.1, yet there is STILL an autocorrect problem showing ""I"" as ""A ?""? Isn't that something you maybe wanted to address in a software update? @AppleSupport #iPhone #Apple",Keyboard
2373232,"Love making several playlists of music, every track/album/mix has artwork but once synced to phone they’re mixed up or just not showing. Fucking hate iTunes! @AppleSupport",Apps & Storage
393611,"I have over 100gb free in my iPhone 7+ but the App Store won’t let me install anything, why is that?",Apps & Storage
39660,"Since I’ve updated my @115858 6SPlus to the new IOS11.1 yesterday, its been super slow,unresponsive,freezes all time and no sound at speaker!",Sound & Bluetooth
2814797,@115858 your products are junk. My headphones broke within 3 months of purchase with my iPhone 7. I've barely even used it and I'm in a temperate climate. What excuse do you have for such a short lived trash product for that price?!,Sound & Bluetooth
2770839,I’m so frustrated. My rear camera on my Iphone 6 Plus does not work any more! Is there a fix for this? @AppleSupport,Screen & Camera
2686070,ugh. @115858 Airpods device switching is no different from any other bluetooth device. I mean really how hard would a better UI be?,Sound & Bluetooth
1003743,My phone freezes every 10 minutes and has to be reset thanks to this update. S/o @115858 @AppleSupport — top notch. [URL],Phone Performance
152984,sırf wi-fi ve bluetooth’a tıkladığımda kısayoldan kapanmıyor diye iphone’u samsung veya pixel 2 ile değiştirebilirim,Sound & Bluetooth
1687747,why is my phone replacing the letter I️ with a question mark box ??,Keyboard
2261495,@115858 @AppleSupport the new update kills my phones battery y’all suck,Battery
2303161,"Great God I hate iOS11. My touchscreen keys stick, my phone apps take forever uploading, and autocorrect is crazier than ever. I spend more time correcting autocorrect than do I actually typing. @AppleSupport [URL]",Keyboard
1877887,I have NEVER seen an iPhone freeze up as much as this 8+ does.. I’m disappointed @AppleSupport 🤦🏾‍♀️,Phone Performance
1040156,"Gah! Trying to update my AppleID payment card with new card details & it keeps saying card is declined (it's fine), & when I try to update / change anything online, whenever I hit save it times my session out 'for security purposes'. Come on, @AppleSupport, give a girl a break!",Apple ID
228504,So why is my phone freezing if it’s completely updated? @AppleSupport I’m super annoyed.,Phone Performance
1993348,Anyone else having “I” autocorrect to weird characters on iPhone? @115858 what’s going on?,Keyboard
8561,hey what’s going on with the letter I . When i start to. Type this happens below [URL],Keyboard
548104,Hey @AppleSupport what the hell is going on!? Phone keeps crashing and locking.,Phone Performance
2237357,I️ bought an album on iTunes that won’t download and is saying it’s not available in the US. Some help please 🤷🏻‍♀️,Apps & Storage
793413,Dear @AppleSupport my phone freezes at least 20 times a day. Updating to iOS 11.0.3 did not fix the issue. What’s going on?? iPhone 7 btw,Phone Performance
657050,@115858 ☹️ my phone keeps freezing since I’ve updated it but it’s brand new. cmon man.,Phone Performance
746369,since the latest update my phone battery doesn’t last an hour even after being charged can you please help,Battery
2838699,My @115858 iPad pro is suddenly not charging / charging super slowly. Anyone else? Any fixes? As usual its following an update. Mines just out of support period and I'm along way from a store. #ipadpro,Battery
2093796,So Ive had an iPhone since the series 3. Never had a cracked screen. Have had the X for four days and CRACK. Wtf @115858 I want my $ back,Screen & Camera
484534,So freaking tired of my iPhone 6S Plus after upgrading to iOS 11 and using it for months now. My phone’s screen freezes too out of nowhere and randomly taps on-screen buttons. It’s so unusable and frustrating. Fix it ASAP @115858 @AppleSupport,Phone Performance
2402102,@115858 when are you going to fix the issue with the camera roll order that has happened since iOS 11? This has now happened on my phone and I’m not impressed! Please advise [URL],Screen & Camera
2869695,"I am unable to enter my password into my 2015 MACBOOK pro. I get ""unknown error occurred"" code. What to do?",Apple ID
1551360,@115858 can y’all please fix this problem I️ I️ I️ I️ I️ I️ .. I️ can’t type the letter after “H” in the alphabet 😤😤😤 @AppleSupport,Keyboard
1475373,"How do you disable the ""iTunes has stopped updating..."" podcasts feature in iTunes?",Apps & Storage
1085222,This new update makes my battery life drop faster than my self esteem @AppleSupport,Battery
2042657,". @AppleSupport frustrated the battery dies within minutes now, photos were lost!! How do I uninstall this “update” ?!? #iPhoneUpdate",Battery
1735798,Anyways Angel still won't play/download on my iTunes ever since I purchased the album @AppleSupport fix my iTunes plz n thnx bb,Apps & Storage
1633118,"Constant, persistent lagging on the keyboard when typing with the new #ios11.1 os. Any ideas? @115858 @AppleSupport",Keyboard
1887698,why are your headphones so easily breakable I’ve only had them for two months and they broke and I’m crying,Sound & Bluetooth
156040,is there not a simple fix for a disabled Apple ID?,Apple ID
1650163,@115858 y’all need to fix this problem on iPhone with the letter I️ because this isent flying #iOS11,Keyboard
956413,My phone keeps randomly restarting ever since I did the update. Is there a fix for this?,Phone Performance
368767,"my dad has updated his phone and it said 'deleted iCloud data' - I signed back into his iCloud, but photos aren't there.",Apps & Storage
2756825,Is anyone else having problems with their iOS? My phone keeps crashing and just erased all my pictures. What’s happening @AppleSupport,Phone Performance
1346387,@115858 #ios11 is BULLSHIT. My touch screen doesn’t respond after the updates and I’ve never had problems before. 🙄,Screen & Camera
1980633,Can’t access my iCloud account as it’s connected to my old number and bank details @AppleSupport what can I do??,Apple ID
661557,Waited three years before upgrading to the iPhone X and three days in I get to be one of the lucky few with the green line of death @115858 @277633 [URL],Screen & Camera
1148411,The iOS 11 is causing my iphone 6s+’s battery to drain faster. I hate it. @AppleSupport,Battery
1492600,Imma need for @115858 to fix this letter I️ bullshit,Keyboard
1124864,"@115858 @AppleSupport When having headphones plugged in Siri constantly starts, music starts without even touching the phone.",Sound & Bluetooth
81967,Garageband and Premier having different things that I can’t do on the other give me a headache @115858 you’re a top corporation in technology and your Garbageband can’t do a simple fill left with right and right with left I can’t balance the headphones what the hell,Sound & Bluetooth
2060141,"when I go to photos, and try to text that photo to someone my phone freezes, has ever since iOS 11. Fix this garbage update or let me go back to 10.3.3 7+ 128gb",Phone Performance
2942133,"sum1 please tell my why 4000 photos that I deleted (some over 2 years ago) suddenly appeared back onto my camera roll, all out of order HOW CAN I FIX THIS @applesupport??",Screen & Camera
2485717,this type of UI glitch (even happens with 1st-party notifications) has been happening since before v11 and on two different iPhones. Where should I submit issues like this? [URL],Keyboard
582763,"i have internet connection problem & every time iam trying to download 11.2 update from itunes & disconnects, it starts all over again. why itunes can't continue download the update like the iphone itself?",Apps & Storage
1298159,Any ideas @115858 it is driving me insane. Is keeps autocorrecting to I.S !!!! 😡😡😡😡 #annoying #autocorrect #smallthings [URL],Keyboard
2636987,Hi @AppleSupport: can you help me understand why my phone has only been off the charger for a few hours and my battery is already just about dead? FYI my phone’s battery has dropped another 10% in the time it’s taken me to take this screenshot and compose this tweet. [URL],Battery
2557398,"why do I have to restart my phone sometimes to even update my apps? When I do try to they get stuck as if they were downloading. I have signed out of my iTunes and App Store, and signed out of my iPhone.",Apps & Storage
2310665,i was texting my friend on my phone and my phone screen went black instantly. music was still playing in the background but the screen just went black and i dont know what to do???,Screen & Camera
1990620,"iOs11's latest has rendered my iphone6 almost unusable. Keeps crashing, has to be restarted to hear calls! Alarm no sound...",Sound & Bluetooth
2949572,@115858 keeps charging me $1 a month for icloud storage but my iphone still hasn’t backed up in 92 weeks... what’s going on here 🤔,Apps & Storage
950993,Hey @AppleSupport where can I find the free app of the week on the new App Store in iOS 11?,Apps & Storage
1975229,@115858 fix the text message app. I’m tired of my keyboard popping over my text and having to completely leave the app,Keyboard
2148096,what should I do if my battery drains quickly on iOS 11,Battery
1566816,i cant update apps I downloaded with a different id from the one im using rn and i dont want to delete them and download again,Apps & Storage
228458,"I need to get my 6s repaired-it qualifies for the unexpected shutdown defect/recall. At a Apple retail store, do they just replace the battery or whole phone for a different one? Thanks! JZ",Battery
1933042,"hi, since updating to iOS 11 both my iPhone 5s are experiencing not charging issue. Is this a known bug?",Battery
1143523,can't sign in2 iTunes Store becuz Apple ID email does not exist Yahoo deleted it for inactivity yrs ago n phone logged me out?,Apple ID
2079375,It’s the 10th time my iPhone freezes today after the new iOS update 🙃🙃🙃 @115858 about to make me switch back to Android after 5 years 🙃🙃,Phone Performance
2892059,@115858 I’m using the EarPods and my phone says “accessory not supported.” What do I do..?,Sound & Bluetooth
939144,is there a way to disable the keyboard settings shortcut? [URL],Keyboard
208953,Yo @115858 WTF is with this auto WiFi and Bluetooth connection... it’s mad annoying!!!,Sound & Bluetooth
782369,"@115858 ios 11.0.2 frequent disconnects from internet wifi , had to restart phone thrice to make this far to tweet and battery still sucks!",Battery
1482374,your forgot password reset makes me want to blow my bloody brains out. i keep typing the verification code and it won't take.,Apple ID
2577085,@115858 wtf is this it to I.T autocorrect?!,Keyboard
2964487,"when will iPhone freezing be fixed? It’s happened since iOS 11, on mine and my friends phones and app’s stop working.",Phone Performance
553552,My phone keeps restarting itself every 30 seconds 🙃 fix my phone @115858,Phone Performance
176010,Every time I turn my phone on Bluetooth randomly turns on and kills my battery @AppleSupport wyd?,Sound & Bluetooth
2869665,Hey @AppleSupport Are iTunes Match and iTunes Music two different things? or am I safe to cancel one?,Apps & Storage
2063051,"Hey @115858, since new update: my phone is slower and the battery dies faster. Thanks! #iPhoneUpdate #sluggish",Battery
296451,dowloaded ios 11 and now my phone drains battery even when plugged in,Battery
761306,It’s really pissing me off not having headphone for my 7 plus and I lost that damn piece months ago. @115858 I want another one,Sound & Bluetooth
1276305,"iTunes says my Apple Music subscription is up in November, but when I try to access my songs, it says I’m not subscribed.",Apps & Storage
958209,Que feio #apple #beats @AppleSupport warranty covers?? [URL],Sound & Bluetooth
1503993,can't log in to icloud the popup msg to which i should enter verification code is not working,Apple ID
2900383,How do I use my iPhone lightning headphones on my 2013 Macbook 3.5mm jack or on the airplane when I travel?,Sound & Bluetooth
1905461,"@115858 @AppleSupport IOS 11.0.3 The worst update by far. Lots of problems, freezes, Bluetooth no connecting correctly, several force closes",Sound & Bluetooth
541118,why tf my phone keep restarting!,Phone Performance
556206,"any idea why this happens? When i click on emoji, my keyboard goes up! See the video below! @115858 [URL]",Keyboard
903697,My @115858 beatsX and AirPods no longer pair to my iphones. iPad ok. All been upgraded. These $AAPL upgrades suck!!!! Their #windowsXP moment.,Sound & Bluetooth
766250,I got the newest update meant to fix bugs but now my iPhone keeps randomly shutting down @AppleSupport wtf did you do to my phone???,Phone Performance
2547128,I can not make a Apple ID AT THE MOMENT please tell me why,Apple ID
1224431,"Fucking ridiculous I️ can’t type the letter I️ since upgrading my perfectly fine phone. FUCK YOU, @115858. #iosupdate #iphone",Keyboard
567667,.@115858 is celebrating the 10th anniversary of the iPhone and iCloud storage STILL doesn't work properly #Technical #Bugs #iPhone #Apple,Apps & Storage
1914187,I need help with the App Store,Apps & Storage
701603,"Hey, @115858 it's hard to schedule a GeniusBar appointment if I can't receive the two-factor authentication on my broken phone #help [URL]",Apple ID
995555,@115858 iPhone 6S battery is terrible! I’m done with it. Can’t even go out a full day without it depleting. Will be getting an android next..,Battery
1113895,"Ever since I updated my iPhone to iOS 11.0.3, my battery’s been draining like crazy. Fix this ASAP @115858 @AppleSupport",Battery
286403,@115858 serious battery issues with iOS 11 in iPhone 6s Plus,Battery
2020287,I️ do not want to turn off autocorrect. I️ just want it fixed. 😭 @115858 wh-I️ !??,Keyboard
1168954,Kindly fix the lag when doing 3D touch in the homescreen and pls bring back 3D touch left side of the screen to app switch 😡 @115858,Screen & Camera
1846911,The new IOS update has officially ruined my phone. Keeps restarting and shutting off. Cannot run new update. Need help ASAP,Phone Performance
820686,If my Apple ID signs me out one more time I’ll hit the roof @AppleSupport #ios11update,Apple ID
1880165,"ur iOS update has all kinds of crap, lately the camera keeps going black and closing, using 6+ #iphone #ios11 sucks",Screen & Camera
2114740,Hey @115858 are we all just going to live with the fact that we’ll never be able to type the letter I️ again?,Keyboard
995133,why does my music player always appear on my lock screen? I’m not playing music nor is it connected to a Bluetooth device.,Sound & Bluetooth
1416949,Why does my iphone 6s plus turn into an unresponsive piece of shit when it reaches at or below 30% battery? 🙄🙄,Battery
337461,my iPhone 7plus just switched off at 50% and now it won’t switch back on and it has this spinning wheel for the past hour,Phone Performance
1539927,Are the Apple ID servers down at the moment?,Apple ID
2179488,Dear @115858 @AppleSupport please also concentrate on iphone 6 model too when update is rollout. Really it’s annoying after update 11.1.2 iOS. Battery standup is not even one full day. Why i chose iPhone is for battery & performance.But now?I hope you listen to your customers.🙁📱,Battery
1926618,"My daughter's iTunes is on my account, but her iCloud is on hers. How can I upgrade her iCloud storage?",Apps & Storage
939601,@115858 I’m sick and tired of my phone lagging and freezing. Y’all better fix it or @1647 bout to know me,Phone Performance
957632,"trying to re-add ringtones to my iPhone w. iTunes 12.7. dragging files to device doesn't work. ""Manually manage"" is selected",Apps & Storage
1851694,"I guess someone got the #UITableView wrong for a moment at @115858. Never mind fellas, it happens 🙂 #ios11 #AppStore [URL]",Apps & Storage
1974288,"@115858, my #iPhoneX has been “preparing for shipment” since Saturday... getting annoyed. 😒",Other
2185421,"@AppleSupport Hi team! I’m here for Apple Music app. I’m 28 years old male but now I can’t even download an explicit song from Apple Music app. Please enlighten me! I’ve tried Restrictions settings, too. Not working!",Apps & Storage
9304,why are my I ‘s changing into I️ ?!!!!!,Keyboard
550737,HOW I FIX THIS??? Everytime time I go to any app in a few seconds appears the Spinning Wheel. I have an Iphone6. [URL],Phone Performance
632928,New iOS 11.0.2 on iPhone7+. Status bar no longer shows if Bluetooth connected & does not show connected device battery life! @AppleSupport,Sound & Bluetooth
269170,I got this after installing your High Sierra dot update from the Mac App Store. [URL],Apps & Storage
803115,God knows what Apple has done to iPhone 7 with is latest iOS 11 phone is lagging and even gets unresponsive sometimes @AppleSupport @115858 [URL],Phone Performance
2019796,I changed my Apple ID today and now none of my messages are syncing across devices. Can anyone help?,Apple ID
936769,@115858 @AppleSupport I have updated my 6s to ios 11.0.3 and the battery is draining very fast.Kindly fix the problem asap.,Battery
2692850,"I updated iOS 11.1.2 in my IPhone 6s and my battery is not working well, I already tried maximizing performance what can I do?",Battery
31962,AirPods are connected but don’t play audio anymore any troubleshooting tips?,Sound & Bluetooth
1767417,I have an iPhone 7 Plus and I am unable to update to iOS 11.1 tried on the phone and with iTunes.,Apps & Storage
2592249,Hello . Please resolve my issue so you can not reset Security Questions,Apple ID
1710696,So I didn’t even have the I️ glitch and then it turned up this morning. Has @AppleSupport addressed this joint officially at all?,Keyboard
2856784,New iOS 11.1.2 doesn’t display the correct app running through the headphones [URL],Sound & Bluetooth
1813985,so a song I downloaded forever ago just got removed from my iTunes and it doesn’t even show I purchased it? What do I do?,Apps & Storage
1983730,"Seeing this bizarre autocorrect problem since update to iOS 11. Phone keeps trying to replace lower case ""i"" with gibberish... [URL]",Keyboard
647372,This new iOS update is really annoying... my phone keeps freezing! @115858,Phone Performance
1004466,my iPhone 6 Plus keeps rebooting randomly and then gets stuck in a boot loop. HELP!!,Phone Performance
1817948,So I come back from camping to find out I’m locked out of my Apple ID and then my Mac has locked me out asking for a PIN number?!?!?,Apple ID
2543961,The site shows shipping went from 3-4 weeks to 2-3 weeks. Does this also mean that those that ordered two weeks ago will see a sooner than expected delivery date as well?,Other
1108503,Hi @115858 what's your policy on replacing the flash extension to headphone jack policy? My third one just broke...(worse life than chargers),Sound & Bluetooth
1532242,"Hey @115858 after your last update, my phone doesn’t allow me to type the letter *I* without It giving a weird question mark",Keyboard
1682497,"Oh my gosh, @115858 PLEASE get your keyboard issues worked out ASAP. Otherwise, that #Pixel is looking reeeeally attractive.",Keyboard
2039399,"Dear @115858 No, I really don’t want Bluetooth turned on. Also I’d like a battery that lasts more than an hour #aintbrokendontfixit #iOS11",Sound & Bluetooth
1787883,Total BS that my iPhone has so many glitches and battery life sucks since the update @AppleSupport,Battery
34622,@115858 After iOS11 the battery is draining very fast. Request you to look into it.,Battery
1311459,Updated to iOS 11.0.2 and my phone battery drained so fast! 🤦🏻‍♀️ Much more worst than previous.. @AppleSupport,Battery
1265768,@115858 you need to do something about this fucking update every second my phone keep freezing fix this bullshit update,Phone Performance
1830479,Sorry @115858 is this a game to you turning on my WiFi and Bluetooth and rinsing my battery all day. If I want it on I’ll turn it on,Sound & Bluetooth
2304641,@668680 HELP! Can’t get rid of this pop up 😤. Two hours on the phone with @AppleSupport no help. Only on phone since iCloud backup to new iPhone 8. @28598 so frustrating. #popups [URL],Apps & Storage
177813,Just updated to iOS 11 and this happens to my keyboard..What happen here? [URL],Keyboard
2792081,"@115858 Trying to add my son to my family account (for which I just took out an Apple Music subscription because he needs it). Impossible! Created new email addresses, new Apple ID's - nothing works. Screenshot below from a MAC. #AppleSucks [URL]",Apple ID
288341,my right AirPod won’t charge. I’ve had them for a few months. What do I do?,Sound & Bluetooth
617333,"Hey 👋🏾 @AppleSupport, where are FaceTime Live Photo’s saved? I can’t find them anywhere 🤷🏾‍♀️",Screen & Camera
667047,I️ haven’t upgraded my software as I️ hear this is the wrong thing to do and I’ll have to get a new phone. I’m happy with my iPhone 6. No software update and I still can’t write the letter I️ thanks you guys suck. Who needs an I️ anyway?,Keyboard
1807823,I’ve gotta say that @115858’s iOS 11 is now getting better. @AppleSupport But it’s sad to say that no fix for homescreen 3D Touch lag issue.,Screen & Camera
81797,hi ! Can we have my battery health on my iPhone 6 checked ?,Battery
1911908,"hi, iPod nano bought last year, is it compatible with wireless headphones? Thanks",Sound & Bluetooth
701551,my sons iPhone 5s has suddenly started displaying this on the screen. When connected to iTunes it says either update or restore and update. He's tried both but neither have solved the problem. Any ideas? [URL],Apps & Storage
604001,"3D Touch seems to have stopped working sometime after updating to 11.2. I’ve checked settings and it is still enabled, just not functional",Screen & Camera
542324,"Not an issue but when u put a new SIM, go to settings->AppleID. It asks you to “Uptade” instead of “Update” your trusted phone.",Apple ID
1977159,my phone keeps crashing / not working since the update! Is this happening to most people? This update is awful!,Phone Performance
1596687,@115858 y’all need to fix this little bug every time I type in the letter I,Keyboard
2779346,Anyone have a solution for the @115858 iPhone “I” glitch w/o turning off predictive text? Their latest iOS update that claims to solve the problem didn’t fix it,Keyboard
2440855,Is anyone else facing the boot loop problem I am on the iPhone 6? My phone is now rendered useless and I can't back up my photos and I want to die please give me a new phone @AppleSupport you owe me big time,Phone Performance
1644503,@115858 can we get a bug fix for iOS 11 where 1/2 of my message feed doesn’t disappear below my keyboard? Thanks.,Keyboard
1803258,@115858 Whatever you’ve done with the last iPhone update please undo it! Phone keeps freezing & is now v.slow.,Phone Performance
1947437,what’s the value in having a files #icloud folder if i can’t access that folder from apps. having an image in photos and files is silly,Apps & Storage
2241169,People can’t be spending hundreds of dollars on their devices for you to STILL not be fixing the fkn I️ in my keyboard @115858 🤬😡,Keyboard
2859990,How can you change the store in the @118936 @AppleSupport @115858 #apple #appstore #itunes #Apple,Apps & Storage
2284982,Omg the question mark boxes are ending my life rn pls fix this shit @AppleSupport,Keyboard
1458985,"@115858 swear to Christ if I pay $1010 for an IPhone X and can’t even type “i” without a bug, I’m sueing.",Keyboard
2237326,There’s sth wrong with my iTunes I can’t download the album. @AppleSupport @115858 @115948 SOMEONE FIC THIS.,Apps & Storage
2962818,Are you aware that the iOS keyboard randomly adds a ‘capital’ letter to words mid sentence... Here’s an example with the word Car ! Why does is auto correct to a capitol C ??,Keyboard
543795,help. 11.1.2 has caused problems since midnight. Can't even use the phone as it keeps restarting. What are you going to do about it.,Phone Performance
548088,my iPhone 8 keeps restarting on iOS 11.1.2 what is going with you guys Why your quality is dropping?!!,Phone Performance
234643,Does @115858 has any plans in fixing the battery draining issues in #ios 11.0.2.? Start feeling like using #Android phone?@116333,Battery
1302372,"iOS 11.3 has broken my phone. Volume control doesn’t work, alarms have no sound, battery life horrific, freezes all the time",Sound & Bluetooth
2279930,any idea why my iTunes has done this? I’ve brought the CD and imported but it looks like it hasn’t done it right? [URL],Apps & Storage
2078777,Hate this new iPhone update 👺 phone crashes all the time now and touch screen sometimes doesn’t work. @AppleSupport - sort it out!,Screen & Camera
1864927,My phone keeps freezing and now it’s not letting me make or hear calls since this update 🙃 @AppleSupport,Phone Performance
2505090,"iPhone 6 randomly restarts, camera roll frequently won’t open, screen orientation issues when in messages app. #ios11 @AppleSupport",Screen & Camera
151456,why since the latest update can’t I just open my camera and take a picture without having to mess around with my settings turning Live Photo’s off again and turning the flash off again 😡😡😡😡😡,Screen & Camera
1807878,"Thx @AppleSupport @115858 for #iOS11. Feels like I have an Android phone: low battery, lots of bugs and crashes! Worst iOS ever!",Battery
1641346,"having problems downloading apps from App Store, what should I do? Username and password is all set it just won’t load 🤔",Apps & Storage
1231307,"Hello, i have a problem with the microphone (iPhone 7 plus). thank you",Sound & Bluetooth
1021683,is there anyway I can seriously get this Bluetooth issues fixed already you guys do the dumbest updates and ruins the phone,Sound & Bluetooth
2122550,Hey @AppleSupport why does it take 3 weeks to reset Apple ID. It’s getting ridiculous! Can you respond please for the second time of asking?,Apple ID
542361,my iPhone keeps restarting 2every 2 mins. How can I fix this?,Phone Performance
2065258,"Hi, in my iTunes library, it lists two of some tracks (see image).How can I only one of each track? [URL]",Apps & Storage
1118105,@115858 could u please explain to why the new iOS update drains my battery so severely? Losing 1% a minute. Do you even vet for older phones?,Battery
2786403,"Can't access to my AppleID, I lost all my contacts/media and VERY important info on my 'Note' app. @AppleSupport just didn't help at all",Apple ID
1925510,"Airpods do not work with iMac late 2012 after installing 10.13.1. Sound is broken, huge lags with iTunes or Netflix. Help!",Sound & Bluetooth
1394064,"hi guys, how can I clear my $0.66 App Store balance? Thanks a bunch.",Apps & Storage
1798557,@115948 @AppleSupport I got a notification that someone followed me on Apple Music but got an error message when I opened the app.,Apps & Storage
539973,"My iPhone 6s with iOS 11.1.2 keeps restarting within seconds, why?",Phone Performance
1888236,"updated, phone is slow, can’t answer calls, calls don’t display, hate it",Phone Performance
828366,being prompted to review apple ID when downloading apps on new phone. Wont let me review. Pls help asap,Apple ID
13197,Écran d’iPhone cassé. Impossible à connecter sur iTunes ... des astuces svp ? @AppleSupport,Apps & Storage
2006853,"Hey, @AppleSupport- New emojis are fun, but passable battery life & texts that show names instead of numbers are even more fun. Fix this!",Battery
2343754,hey can you explain why my battery is incapable of lasting 30 minutes after ios 11?,Battery
1470019,Getting sick of entering my Apple ID password every few days & having to enter my CC security code every time I buy something,Apple ID
942267,"Worst update of iOS 11, my phones battery is draining like water. It lasts for only 3-4hrs. Not expected from @AppleSupport 😢😢",Battery
870318,Totally going to have to return / hopefully replace my AirPods…battery issue makes them unusable // @AppleSupport,Sound & Bluetooth
395521,@115858 this is annoying. Can’t control music from lock screen when connected to Bluetooth earphone. Please help 😁 x [URL],Sound & Bluetooth
2271675,"@118721 I bought the Journals album by Justin Bieber on iTunes, it's ok. I changed my iPhone and i've been downloading, but its doesn't do... What do I do??",Apps & Storage
2534793,Lost one of my airpods what can you do for me @AppleSupport,Sound & Bluetooth
2294300,my phone freezes 4/5 times a day since I updated. 3 times in the last 20 minutes 😡😡,Phone Performance
1368981,my pickup/delivery date has disappeared...should I worry? :( @AppleSupport @115858 😟 [URL],Other
1896082,is it possible for me to change Apple ID stores without losing my money on current Apple ID account ???? Thanks homies,Apple ID
487878,can you help me? My #AirPods battery level does not show on my #AppleWatchSeries3 with wos 4.1,Sound & Bluetooth
1736114,This A question mark box is ANNOYING. Why can’t we have nice things @115858,Keyboard
599076,"I upgraded to iOS 11.2 because I got hit by @115858's notifications bug (disabling app notifications between crashes was fun), and now my phone won't start, won't hard reset, won't DFU, nothing. It just displays the red battery icon. @AppleSupport I can't be the only one, right?",Battery
1962415,"I️ realize the irony of a genius tweeting this, but have you seen this? @AppleSupport cleared keyboard dictionary and restarted device. [URL]",Keyboard
619481,Hey @115858 what gives? Anyone else’s battery drain overnight to like nothing? Mine went from 100% to 46% in like 7 hrs. I get alerts but never had an issue until the update. Fail @AppleSupport big time fail!!,Battery
2573888,did you fix the keyboard issue yet? I️,Keyboard
2617091,Id like to be able to restrict access to the speakers on apps to listen to music and play a .gif at the same time @AppleSupport @115948,Sound & Bluetooth
1072709,"This @115858 update seriously turned my phone into trash. I’ve never had so many glitches, screen freezes or shutdowns in my life.",Phone Performance
1674136,@115858 @AppleSupport Please fix this stupid autocorrect error that keeps changing “ I “ to “ I️ “ . I️ can’t afford an iPhone X 🙄🙄🙄🙄,Keyboard
1245976,"The IOS update is causing my apps to freeze. Also, the touch screen is having a hard time with the small icons.",Screen & Camera
2266120,@115858 @AppleSupport @46228 I️ would like to use the letter “I️” in posts and messages by apparently I️ am unable to type anything other than I️. I️ even tried to trick it and write I️ but this bug is smarter than me. Do you see the problem I️ am speaking of?,Keyboard
385954,The App Store not letting me download any apps 🙄 @AppleSupport,Apps & Storage
2117265,Can SOMEONE PLZ fix this!?! Every time I️ type i it alters to stupid question mark box. @115858. Crazy ridiculous ha. Atleast alter to 🍆 or.. [URL],Keyboard
2834396,@115858 @AppleSupport why is Bluetooth constantly turning itself on on my phone. This is invasive and bullshit and I hate you and everything you stand for,Sound & Bluetooth
628021,"@AppleSupport, All incoming calls to my iPhone are automatically rejected when connected to my car’s head unit via Bluetooth; Do not disturb while driving are set manually and are not activated. Can you help me figure out what’s wrong and how to fix it. Screenshots below. Thanks. [URL]",Sound & Bluetooth
2185447,"when will iOS11 actually get the battery issue fixed, mine and partners battery go from 100-10% in only 4 hours!!! Time to go back to android if it’s not fixed",Battery
2234456,The appstore wont let me download or update anything! HELP! @118936 @AppleSupport,Apps & Storage
1920432,Forgot password for my itunes account. Spoke to Apple they said wait. Still waiting over a week later.,Apple ID
1762843,@115858 @AppleSupport @118936 I added an iTunes gift card . i still cannot download apps or pay for my student Apple Music account. Why?,Apps & Storage
2725952,whatwrong with the new ios update battery life does no last in less the 17 mins bat lost 30% of its life and the pull up menu is all over when rotating it. some time can’t even acces it. ipad mini [URL],Battery
2041470,@115858 girl when are y’all gonna fix the obvious Bluetooth issues w/ iOS 11? My audio drops out in my car speakers constantly!,Sound & Bluetooth
1677075,"the new iOS is a joke, you can’t even type the letter that comes after h in the alphabet! Fix the basics!!!",Keyboard
2297335,"Super cool that my brand new less than a month old iPhone 8+ is total shit. No WiFi, no Bluetooth, @AppleSupport tells me to reset",Sound & Bluetooth
367521,"@116333 iOS 11 is lovely, except it is a battery killer on 6s. Awful. Terrible. Basic used went from 8-10 hrs to 3 or 4. :(",Battery
2067880,@115858 can you come out with an update that doesn’t make my phone freeze 🙄 thanks.,Phone Performance
2047972,could you provide me information about the battery health of my device?,Battery
1837293,Does anyone else’s iPhone keep randomly restarting after updating to ios 11,Phone Performance
738910,@115858 sent my beats earphones for repair 2 times already and got them back but still don’t work. #Disappointing,Sound & Bluetooth
539853,my iPhone 7 keeps restarting and asking for passcode. What is up?,Phone Performance
2321910,my phone home button and touch screen randomly stopped working so now i can’t do anything (: great @115858,Screen & Camera
1734458,Hey @115858 it’d be great if I️ could type the letter “I️” without this popping up all the time [URL],Keyboard
1983230,ios11 has made the iPhone slow and buggy. Is there a solution to go back to last iOS or when are you updating the bugs?,Phone Performance
1386620,🗣Fix the keyboard @AppleSupport,Keyboard
1693359,“Capital eye” find this annoying #apple @115858 #iphoneglitch #I️ I️?,Keyboard
674642,"Battery after the last update (iOS 11) has become very, very bad. Please resolve this problem quickly.",Battery
2067585,Anyone else have the iPhone 8+ and having soft static noises come out of their speaker? @115858 a little help here??,Sound & Bluetooth
1445607,Honestly should have never gotten the update. My iPhone keeps freezing and restarting. @115858 addy please. I just want to talk.,Phone Performance
1248361,Ok two hours with apple support for my AirPods ! #AirPods @115858 please help me!!! 🙄🙄,Sound & Bluetooth
63165,"got these brand new headphones, and they didn’t even work right out of the box. where’s the quality control? Smh [URL]",Sound & Bluetooth
1983732,Hi @115858 @AppleSupport why is my phone doing this when I️ press i? I️ I️,Keyboard
763108,My 1st gen @115858 watch's battery no longer makes it through 1 day after #watchOS4 update. Guessing I'm wearing a normal watch out tonight.,Battery
958883,"Dear @115858, since your last update the battery drain on my iPhone 6 is shocking. Please fix or I shall have to consider alternatives.",Battery
402661,Why is everything with @115858 so shitty? Can't even schedule a repair for a broken keyboard. Website keeps asking for password :(,Keyboard
1992919,yo @115858! what’s good with this glitch in this new update? I️ type the letter “i” and this super mario box with a question mark comes up!,Keyboard
2312523,"@115858 Ever since I updated, my phone will not download pictures, freezes and slow touch screen response. Really annoying. Is there a fix?",Screen & Camera
2302688,"I have just seen £10 go out my account for iTunes , can you help me out I don’t ko W what it for? @115858 @AppleSupport",Apps & Storage
874943,"Dear @AppleSupport: Why did you launch such a sh*tty update? My phone keeps freezing while using, delaying apps, and turning off every week",Phone Performance
414971,"Don’t bother upgrading to iOS 11.0.2 it’s glitchy as shit with iPhone freezing, apps crashing and iPhone resetting itself @AppleSupport",Phone Performance
2292792,I JUST GOT MY 7 REPLACED BC MY LAST ONE STOPPED WORKING. I JUST UPDATED LAST NIGHT AND NOW I CANT HEAR ANYTHING DURING PHONE CALLS. YALL BOUT TO GIVE ME THIS 8 FOR FREE IM NOT PLAYING @115858,Sound & Bluetooth
2237252,When you have to always carry a charger because the battery dies in an hour @115858..... A mobile phone that’s not a mobile phone 🤷🏼‍♀️,Battery
427420,iOS 11 so annoying always turning on my Bluetooth and WiFi on its own @AppleSupport,Sound & Bluetooth
639922,#iOS11 0.2 on 📱7. #Fail Poor battery. Poor WiFi. No speakerphone. Apps Freeze. Can’t pause 🎧 in Control Centre. Thanks 🍎 Not!,Battery
1216327,IOS 11.0.3 is garbage. My phone freezes every hour basically. If it’s compatible with my phone then it should work PROPERLY!,Phone Performance
803107,My iTunes has started skipping tracks before they finish... Really getting on my nerves! Anyone know how I can fix this? @AppleSupport,Apps & Storage
2928467,"Hmm, trying to purchase this new @118062 album on iTunes & it isn't working? What's up with that, @118721? @AppleSupport @115948 [URL]",Apps & Storage
1895884,Ever since the new update my 8 Plus speaker has been crackling/distorting while I listen to music. Any explanation? @115858,Sound & Bluetooth
2095767,I created a calendar in iCloud and shared it with a friend. She has edit rights and the cal is also public. I now want to transfer ownership (and its contents) to her and remove it from my iCloud account. How do I do this?,Apple ID
1733839,Look @115858 you are messing around with my autocorrect.. what is it with A ? And the box? You know what I️ am talking about! #FixIt,Keyboard
2711856,"Very very strangely, my iPad screen cracked in my hands without being dropped or any external forces. It happened in a room with AC on and at the temperature around 76F. Horrible incident and horrible defect with this iPad. [URL]",Screen & Camera
2217447,I swear @115858 messed with my 7+ battery life.,Battery
2975717,"High Sierra trashed the media keys. Two problems: Now I can't control iTunes/Spotify, and there's no sound when connected to a bluetooth device and Safari is open. Works fine with Firefox but not Safari.",Sound & Bluetooth
2700991,hey if you guys could fix the billing information stuff that'd be great. Stuff definitely needs fixing on the App Store.,Apps & Storage
1568230,"can someone help me, I want to gift a song on iTunes but I need payment method on my acc. I already have £12 through voucher though? @115858",Apps & Storage
1977511,hey Apple. How are you meant to update ye apps if you can’t get into the App Store. Your phones are shite,Apps & Storage
2618394,A few days ago I downloaded th latest update. My friend came to me with his phone not working showing only your logo and a black screen. When I returned home my father had the same problem. Now I do too. I believe it's on loop restart? Is it about Arabic long text?,Screen & Camera
940575,@128100 @157399 @AppleSupport found this weird UI bug while searching in iOS 11.0.3 [URL],Keyboard
1121699,my 5s is not charging after recovering from loosing my contacts- problems with 11.0.3?,Battery
238027,-Sending new unopened unlocked iphone 8 back if no fix for battery drain issue on ios11. 6S plus drains 10% in 10 minutes!,Battery
2607738,"I'm using iphone 6s (10.3.3) shall i upgrade to ios 11.1.2 , is battery draining problem solved in ios 11.1.2 ?",Battery
1626577,"old 6S iCloud backup “cannot delete at this time”, been trying for 2 days now. Can you help me get rid of it?",Apps & Storage
2455375,"My phone keeps saying I’m using the wrong password when signing into my WiFi, but I’m not, I even copied and pasted the password. it’s been like this for a few day now, what’s wrong ?",Apple ID
743450,What can I do about camera focus? @115858 @AppleSupport #ios11 #ios1102 [URL],Screen & Camera
2042197,ios 11.0.2 just killed my iphone 7 plus battery...,Battery
2512765,@115858 you guys need to fix the battery like come on bro in like two minutes 20% of my battery is gone,Battery
1616732,why is the letter i sending as a question mark in every one of my messages?,Keyboard
2355889,"Hello @AppleSupport, I gave my father my old iPad, with an Apple ID I no longer remember the details for, nor is remembered by the iPad. How can I clear it, to sign him in with a newly created Apple ID? [URL]",Apple ID
629765,Are there any issues in iOS 11 you’re still working out? I have had hesitation and stuttering playing music with Bluetooth and AirTunes since I upgraded.,Sound & Bluetooth
2210652,"My iPhone 6 iOS 11.1.2 cannot open the @118936 in Germany, Siri App Search ok. Tried with different accounts, changed time settings and done a full reset. Siri Only with an US Account connecting to US App Store works. Same account ok on iPad. Can you please help @AppleSupport [URL]",Apps & Storage
1507306,I pre-order on iTunes.. get 5 songs. Other 6 just came out and now first 5 disappear off my phone..thanks @115858 way to ruin my day #pissed [URL],Apps & Storage
340914,"I might be getting to the stage where im done with @AppleSupport and my iphone, touch screen won't work. Thinking of a jump to Android.",Screen & Camera
1503975,"i forgot my password, and now i dont use this number",Apple ID
1982888,.@115858 IOS update is a piece of shit. I don’t care for new emojis I’d rather my battery lasted a few hours & I could hear people when rang,Battery
288352,@115858 fix the damn Battery Life issues. I have done all the updates and my bat life has fell off exponentially. About 4 hours till hit20%,Battery
322346,I have a iPhone 7 but no Portrait Mode ?! [URL],Screen & Camera
2004303,"Not sure what’s going on, but I️ straight up can not type on my iPhone without that A ? bug. It’s awful. @AppleSupport are you fixing this?",Keyboard
589563,"Hey, @AppleSupport! iTunes 12.7.1.14 on macOS 10.13.1 (17B1003) [URL]",Apps & Storage
1394036,i need to book an appointment in a store to pre order the X on the iPhone payment plan not the upgrade. But no one is helping.,Other
2302685,why can’t you make a Genius Bar appointment online? Can’t get there from here!,Other
1346345,Never noticed so many iPhone issues before. The Worst is Iphone freezing every day. Any indication of a SW fix @AppleSupport ?,Phone Performance
1823018,"@116333 battery life on iPhone 7 just not practical since iOS 11, plus all the bugs. Time to look around 👎",Battery
1950501,why is Bluetooth turned on every time I charge my phone?,Sound & Bluetooth
584750,"Hi, I cancelled a subscription for FilmMaker Pro on the App Store, but I have still been charged £44.99 for a whole year?",Apps & Storage
631834,🗣MY AIRPOD WONT WORK. HELPPPPPPPPPPPP @AppleSupport,Sound & Bluetooth
1959552,@115858 my mother in law got an email from apple about her Apple ID and I’m not sure if it’s original could you help me I have a screen shot.,Apple ID
1481896,"Why does my phone want to autocorrect I️,O, and U to a square with a question mark???? @AppleSupport [URL]",Keyboard
2843907,I really don’t want to hang with @115858 anymore. They are just as garbage as everyone else now. My phone has been restoring for days. I lost all my work stuff and my iCloud Drive won’t sync. Quality products needless to say.,Apps & Storage
2534841,I keep getting a “try another Apple ID” error when trying to login after restoring my phone to factory resets. I’m sure it is correct though. Can you help me with this?,Apple ID
627893,"Send my iPhone to @115858 with a cracked screen, they send it back with broken seal, missing screws & missing bracket... And still a broken screen #dodgy #liars #boycottapple [URL]",Screen & Camera
441095,"Since the new iOS update, I can't use my headphones with Spotify, It defaults to iTunes instead. Not cool. How do I fix it?",Sound & Bluetooth
1710649,"Hey, @AppleSupport, my iPhone 7 keeps respringing when trying to setup for the first time. Trying over both WiFi and iTunes, same problem.",Apps & Storage
1301331,what’s with the multiple people including myself and 3 friends that have over $90.00 in unauthorized charges from iTunes?,Apps & Storage
1802392,had to change password & now having trouble signing into iCloud. Telling me to sign in w/ other device????,Apple ID
2320385,Seems to be a bug with new high sierra update - media buttons no longer control background iTunes music but instead respond to current foreground app (ie. safari)- is this a bug or just a crap intentional change?,Apps & Storage
2056397,iPhone was working fine until software update appeared as a notification. Battery is draining and I haven’t even updated!,Battery
2058100,"Dear @AppleSupport IOS 11 update has made my phone so slow, the battery is dying quickly and it doesn’t stop freezing 🙃",Battery
2439788,".@AppleSupport my phone automatically installed an update last night and it won't finish (waited 4+ hours on one try, 5 tries in total over 8 hrs). I put my phone in recovery mode but cannot update/restore via iTunes. Is there any way to fix w/o sending my phone in for repair?",Apps & Storage
1138025,Every since I updated my iPhone 7 to iOS 11.3 my screen keeps freezing and becoming unresponsive.,Phone Performance
1679158,can’t get the sound of MacBook to play via my Bluetooth speaker despite pairing up,Sound & Bluetooth
1748744,Sooo is @115858 going to fix this I️ ? thing or nahhhh,Keyboard
1996156,@115858 can someone please explain why my camera roll videos are buffering? Bit dodge,Screen & Camera
2757513,"this fake page is scamming ITunes users, via email can you do something? bigponcs-support-centralus-online.asukaorue",Apps & Storage
1874837,MY BATTERY IS SWOLLEN OR SOMETHING!!!,Battery
1007651,@115858 your App Store isn't working! What the hell!?,Apps & Storage
945674,i need to erase my iphone that got stolen ASAP!!! i can't see the verification code cause it got stolen please help,Apple ID
306100,I do not care about 70 new emoji ios11.1 does not fix my battery life. 🔋how bad it is since I updated ios11!🤬🤯 @AppleSupport,Battery
1650083,@115858 can you fucking fix this stupid ass shit that keeps happening every time i want to type the letter I️ ******** 🤬🤬,Keyboard
114525,"since the last update, my Bluetooth will not stay connected in my #VW #iosupdate #iphone #frustrated #applesupport #bluetooth",Sound & Bluetooth
745130,@115858 PLEASE fix your NEW update. Incredibly frustrating. Phone freezing regularly and load times are SLOW! #FrustratedCustomer #Help,Phone Performance
2294459,okay so i put my headphones in my pocket and they break. i get out my old headphones and they're greasy and stink. @AppleSupport help please,Sound & Bluetooth
333656,Hey @115858 i need to permanently delete my iCloud account and i can't do this. Help me please.,Apple ID
557864,Hey @25477 @115858 WHY THE FUCK IS MY BLUETOOTH NOT WORKING,Sound & Bluetooth
2488621,"@115858 @AppleSupport so you change my delivery date for the #iphonex to the day after thxgvg w/o contacting me 1st to see if I'm traveling, that w/end? Then you can't come up with a better plan than to delay my shipment? you don't offer me anything for my time????????",Other
2695057,this ios 11 garage band app crashing bug is sooo annoying like i'm tryna do a cover can you guys fix this already ty @AppleSupport,Apps & Storage
356126,"@115858 Y is iTunes helpline not affiliated?THREE times,ovr an hr. ea. GAVE THEM ACCESS TO CONTROL MY PHONE. End result ""go into the store""",Apps & Storage
905815,Laptops speakers are busted. Thats my third broken apple product in under a year :(. #SitarayGardishMai,Sound & Bluetooth
238925,"Hello @AppleSupport I have an issue unlocking my Apple ID , can't remember two of my security questions and the email method is not working",Apple ID
33349,@115858 appstore giving me grief AGAIN trying to update xcode been at '0 bytes of 5G - less than a minute' for hours now.,Apps & Storage
258941,Arrrggghhh ... @118721 @AppleSupport why can’t I use #iTunes !!!,Apps & Storage
118103,"I have a question, if I were to get a new computer, how would I transfer my songs on iTunes on my old computer to iTunes on my new computer? Asking because I may get a new computer",Apps & Storage
493517,why has the ios 11.03 update reduced my battery life by 50% ??? Only had this phone 3 weeks! #iphoneX #Shocking #NeedItSorting,Battery
1995416,Hey @AppleSupport I’m having trouble typing the letter I️. It shows up as an A followed by a box in many different applications,Keyboard
2121622,Is anyone else’s Apple Music not working this morning? @AppleSupport,Apps & Storage
1035263,"dear Apple, a notification on Settings app asked for my passwords saying it was for Two Factor something? Is it real? Or scam",Apple ID
41594,Hey guys just upgraded to IOS 11.0.3 Battery drain horrendous on my 6s. NEVER seen it so bad!!! Can you please improve this..😔,Battery
127147,my phone is fucked since iOS11. Instagram has major flaws. Phone is slow and crashes. FIX IT. ASAP!!!,Phone Performance
1845482,Getting really tired of my iPhone and Mac freezing and the fan going bonkers. There's something terribly wrong with High Sierra and iOS11 that needs fixing ASAP @AppleSupport,Phone Performance
1699780,what’s going on with the random symbols with the letter I️,Keyboard
1476494,What is going on with the letter I️? Please help @AppleSupport,Keyboard
545321,"IPhone keeps going to lock screen every few minutes. Blank screen with circle shows up, then goes to lock screen...",Screen & Camera
1687682,"@115858 you guys gotta stop making my phone freeze, I’m too broke for this",Phone Performance
2987723,Is anyone having #iphone issues with there phone freezing randomly I have the 7 pulse updated to iOS 11.2 the newest version. Wtf is going on???? 🤬😡🤬😡🤬 @115858 @AppleSupport #whycan’tyouguysgetitright #stopmakingnewphonesuntillyoulearntomaketheoldonerunrite,Phone Performance
1920464,why my iP+ freezes? Messages icon blacked out and then phone freezes after 10/15sec! Reset is necessary to use it again!!,Phone Performance
1341735,@115858 Verizon won’t help me with my issue. I can’t hear on my iPhone 7plus unless it’s on speaker phone. Don’t with buying iPhones,Sound & Bluetooth
686612,why does Bluetooth & WiFi not stay off when using control panel rather than menu so hotspots still appear? #irritating #ios11,Sound & Bluetooth
998107,"AppStore search is broken, and not in its usual way... “remote control” works, but “remote for mac” gets this. Losing a lot of $ @123857 [URL]",Apps & Storage
2975831,I lost that stupid converter and I can’t use my headphones without it.,Sound & Bluetooth
2944440,"Is there any bug with Notification Center iTunes widget on HighSierra ? I’m using AppleMusic on iTunes to play songs, but widget don’t recognise it !🐔🐞 @AppleSupport [URL]",Apps & Storage
991125,"@116333 ur #icloud sync is screwed up & I m paying for it, #ios11 has slowed my #iphone6 U r loosing it #bitbybit #nextnokia",Apps & Storage
2799457,My phone is on charge but it’s losing battery.. Nice one @115858 👌🏻,Battery
774118,@115858 what did you do with these updates? My phone is lagging or not responding to 2 touch and the iMessage displays with the keyboard and,Keyboard
2616593,@115858 your update made my phone slow,Phone Performance
1634540,why does my phone freeze and restart all the time??? It’s getting frustrating!! I have an iPhone 7,Phone Performance
2142329,Also @115858 needs to fix the whole “I️ “ thing ever time I️ type the letter i .....,Keyboard
2068588,"After getting my iPhone 8 Plus, why aren't my downloaded ringtones working? App Store broke today too.",Apps & Storage
1931176,@115858 @AppleSupport What have you done to our phones. Battery life plummets (I’ve been on a flight on airplane mode!) contact list’s a mess,Battery
199383,"my iPhone 6 is well and truly struggling on iOS11, any tips to reduce freezing, random restarts and lagging. My airpods 1/2",Sound & Bluetooth
1771202,"Phone keeps freezing/restarting. iMessage freezing, not coming through. Apple Music freezing/not starting. Wtf @AppleSupport",Phone Performance
848106,How do you get a new passcode if you forget it along with your security questions?,Apple ID
769016,@115858 your update is killing my battery. Stop the fraud! This is my last iPhone. You lost a loyal customer,Battery
1478381,Hey @115858 this new update ... 🤦🏾‍♀️ killing my battery ... just 😫😫😫,Battery
2626438,"havin so many issues since updating iOS. Phone freezing, issues connecting to wifi, apps crashing, alarm sound not going off.",Phone Performance
2149174,"Hey @AppleSupport when are y'all going to fix the weird thing that happens every time you type ""I"" on your iPhone? Ya know, that weird symbol and the deleted second half of your message.",Keyboard
2341809,#imessage blank screen? Delivered? @AppleSupport #iOS111 [URL],Screen & Camera
1864582,updated my IOS. Now my wifi and Bluetooth turn on automatically. How do I turn that off?,Sound & Bluetooth
2702098,I am having trouble with my verification code every time I put the one thats sent to me it says its incorrect please help,Apple ID
1557833,my iPhone X Bluetooth connection to my car and more importantly to my Airpods keeps disconnecting when I invoke Siri. Help!,Sound & Bluetooth
2319816,please answer my call my Apple ID is disabled and I don’t know why. [URL],Apple ID
1833821,"Pls fix 11.0.3 @AppleSupport my phone freeze all the time opening any app, doesnt work at all. Cant do shit. This sucks dick. #6s #fkthisbs",Phone Performance
2599495,what is this A? Think that is substituting for i?,Keyboard
1470778,I keep getting duplicate text messages and my Live Photo setting will not stay off even though I have followed the steps,Screen & Camera
1176346,"since last update, screen freezes. [URL]",Phone Performance
2771889,"Every time I try to open the App Store, I doesn’t load... Then it fails to retry... [URL]",Apps & Storage
2439777,what’s the deal with the iPhone X & Bluetooth pairing? I cannot get anything to connect. I had no issues with my iPhone 6+. Is there a patch coming out to fix this issue?,Sound & Bluetooth
1470892,My iPhone won’t sync my iTunes playlists anymore. It wiped them off the device. Any ideas?,Apps & Storage
2133440,"My iphone x battery percentage worked perfectly well before upgrading to ios 11.1, now the percentage seems to get stuck at 80% or higher, which requires a restart for it to jump up and the same process again as it doesn't seem to increase",Battery
1877853,"my phone is slower than ever, I have the update 11.0.3 and also the battery does not last one day, solution please",Battery
539855,I hope you can help me. My Safari and Spotlight keep on crashing in my Macbook Pro.,Apps & Storage
778343,iPhone keeps freezing 😫 too bad @115858 once known for its quality is going downhill so fast. Not buying a new one 👎🏼,Phone Performance
2330952,Hi @AppleSupport 🙋🏻 I recently changed my pw + set up 2FA & then managed to get myself locked out of my account by forgetting the new pw...,Apple ID
2845669,I literally just got 2 iphone 8 and the speaker does not sound right on both of them 😡🤔,Sound & Bluetooth
456108,Just updated the software of my iPhone 6s to the new iOS 11.1.2 and is pure rubbish! the phone keeps crashing the whole time... I just created my first Twitter account to complain @115858 - any solution?,Phone Performance
1857821,"If you want a landline again instead of a mobile phone, just download the new @115858 #ios11update . Battery life now nil. #fail #iphone",Battery
753922,not only does my phone restart netime I use the front camera but now my phone buzzes on calls. It’s updated. #iphone8plus,Screen & Camera
2284090,@115858 @89562 the two step verification code sucks. Can’t do it fast enough to work on TV. #appleUpdates suck. #ruinedAppleTV,Apple ID
2237355,my Apple ID is locked and my phone text messaging isn’t working. #catch22 Should I️ go to a Genius Bar to resolve in person? 😕,Apple ID
2783353,you are sending me a shipment on an inconvenient date and @115817 say that only you can change the date,Other
2385189,"hello,, i am facing in issue with itunes,, i cant backup my phone it shows itunes cant read iphone!!!",Apps & Storage
1930979,"Husband trying to change shipping address. Website says to call, but then gets “high call volume” hang up. What can he do?",Other
582819,hey u gonna fix the bug that keeps restarting my phone cause I'm about to switch to samsung lol,Phone Performance
826294,@115858 @AppleSupport WTF is going on with there APP store??? 3 days and can’t update anything.,Apps & Storage
2006967,"@115858 My phone is eating battery life like a fuckin goat and all my friends are getting their iPhones today, another coincidence huh?",Battery
1807698,"@116333 why no surprise that new iOS update has ruined my iPhone6?? Same story as ever. Screen freezes, apps freeze, crap.",Phone Performance
2282259,"Why can’t my keyboard keep up with my typing on anything, half the time it freezes & exits messages & deletes everything I typed. 🙄 swear a new iPhone comes out & all the old ones start failing @AppleSupport",Keyboard
2794378,"@115858 so you make your own format but your own program won’t read it. That’s awesome, props for the thoughtfulness 😂 so all my story was to ask:please implement caf support in itunes, guys!",Apps & Storage
1541164,I can’t restore from my iCloud backup on my iPhone X because the 11.2 beta doesn’t work. Help?,Apps & Storage
2467691,iOS 11.0.3 sometimes removes the clock/date from the home screen. Blank screen when I press power button. What's the deal??,Screen & Camera
2285323,"barely used my phone the past two hours, all on wifi, background updates off and still lost 30 percent battery life. What’s up??? [URL]",Battery
495165,"My iphone X and my ipad pro don't connect via handoff. Tried rebooting, turning WiFi and Bluetooth on and off - nothing. Any ideas",Sound & Bluetooth
1048071,Why do I keep getting an ! icon in the corner of my photos on my iPhone? I’ve got iCloud Photo Library turned on.,Apps & Storage
990432,I feel like my iPhone 8+ battery dies quickly,Battery
1803138,"Thanks @115858 for the OIS update. Can’t change my ringer volume, no sound in SC videos with ringer off smh",Sound & Bluetooth
433153,"Dear @AppleSupport My ip7 keeps on glitchy, apps don’t open, lock screen freezes and goes black since I’ve update to iOS11-0.2. Suggestions?",Phone Performance
2925629,@115858 needs to update their shit my phone keeps freezing and safari is slower than dirt it’s ridiculous,Phone Performance
1807893,my speaker phone is still not working after updating to iOS 11. Already went in & got a replacement 7+ and still having probs,Sound & Bluetooth
1391047,"Hey @AppleSupport I’d love to use my earpod controls with podcasts, but it keeps opening Apple Music. Is there a fix?",Sound & Bluetooth
595825,"My main problems with @115858 watch, so far: - often LTE connection drops (probably due to the antenna size) - AirPods auto connect does not work (only manual connect) - no support in official podcast app - too big for smooth gym experience - too big for sleep - battery",Sound & Bluetooth
857114,"plz advice what is status about performance of SE 32 gb after updating iOS11, is it getting more slow and battery consume ?",Battery
1311432,"Hi, App Store not working! Can’t download or update any apps. Any help ?",Apps & Storage
14332,@115858 I updated my iPhone and now the Bluetooth is constantly on. Why?,Sound & Bluetooth
1650087,"IOS11 Blows, This Shit Keeps Draining My Battery.",Battery
991770,please help! I can't verify my apple ID with verification code because I no longer have the the trusted number,Apple ID
375590,"@115858 need help with my apple id, won't let me log in and said you would contact me in 24 hours, well it's been 48+ and I've heard nothing",Apple ID
2806696,@115858 I’m tired of these petty keyboard issues. I mean to type “It” and my phone typing I.t 😒,Keyboard
1824515,"Hey @AppleSupport , why can I not do anything about my falsely created family sharing iTunes account through iTunes? I don't own an iPhone.",Apps & Storage
401652,"So... after getting the new @115858 iOS update, my phone just randomly turns on WiFi and Bluetooth constantly when I have them off",Sound & Bluetooth
2343867,why is my husbands phone repeatedly showing this when he is connected to WiFi? [URL],Keyboard
148084,my Apple Music is constantly crashing - I can’t even open the app! This recent iPhone updates have been shocking - I’ve had nothing but problems,Apps & Storage
188386,"I am a resident of mumbai , India I had purchased IPhone 7 from USA after installation Of iOS 11 my front camera is not working @115858",Screen & Camera
2078927,"FYI re: iOS11 on iPad Air - fast battery drain; hard reboot and some apps open, even tho closed before reboot",Battery
802447,"Dropbox app on iPhone downloads full size pix to upload, but Photos app doesn’t ever readjust and storage is full",Apps & Storage
2544484,why everytime I type “is” does my phone autocorrect to “I.S.I.S” automatically? I’ve literally never typed isis before,Keyboard
1577333,Facing Battery draining and phone heating issues after updating my iphone 8 plus to IOS 11.1,Battery
523023,hey I’m having problems with my iPhone X. It’s stuck on “setting up your Apple ID” and I cannot restart it. Please help!,Apple ID
